file,split,sr_hz,bit_depth,duration_ms,peak_dbfs,lufs,rms_dbfs,waveform,f0_hz,chord,am_rate_hz,am_depth,envelope,reverb,spec_centroid_hz,bandwidth_hz,zcr,inharmonicity_proxy,roughness_proxy,attack_ms,release_ms,seed,version
bb_0000_triangle_f350_d250_percussive_am30x0.5_minor_rir_medium.wav,val,48000,16,250,-6.313,,-17.809,triangle,350,minor,30,0.5,percussive,rir_medium,1639.765,3502.831,0.021585,1,0.5,0,0,13,1.0.0
bb_0001_triangle_f350_d500_adsr_med_am30x0.0_major_rir_medium.wav,train,48000,16,500,-5.785,,-15.994,triangle,350,major,30,0.0,adsr_med,rir_medium,1747.372,3681.615,0.021501,1,0.0,0,0,13,1.0.0
bb_0002_fm_2to1_f1000_d100_adsr_fast_am0x0.5_minor_rir_small.wav,train,48000,16,100,-8.47,,-18.763,fm_2to1,1000,minor,0,0.5,adsr_fast,rir_small,4124.08,3447.979,0.130235,1,0.5,0,0,13,1.0.0
bb_0003_fm_3to2_f350_d100_adsr_med_am30x0.3_minor_dry.wav,train,48000,16,100,-7.139,,-20.0,fm_3to2,350,minor,30,0.3,adsr_med,dry,1277.943,863.252,0.05001,1,0.3,0,0,13,1.0.0
bb_0004_sine_f500_d100_percussive_am8x0.3_major_rir_small.wav,train,48000,16,100,-8.211,,-18.677,sine,500,major,8,0.3,percussive,rir_small,1532.592,3335.55,0.027922,1,0.3,0,0,13,1.0.0
bb_0005_fm_2to1_f1000_d100_percussive_am0x0.5_single_rir_small.wav,test,48000,16,100,-11.318,,-19.926,fm_2to1,1000,single,0,0.5,percussive,rir_small,3687.617,3670.713,0.077725,0,0.5,0,0,13,1.0.0
bb_0006_square_f750_d250_adsr_med_am30x0.3_major_dry.wav,train,48000,16,250,-10.112,,-20.0,square,750,major,30,0.3,adsr_med,dry,8405.609,7276.505,0.056338,1,0.3,0,0,13,1.0.0
bb_0007_square_f1000_d250_adsr_med_am30x0.3_major_rir_medium.wav,train,48000,16,250,-6.736,,-17.892,square,1000,major,30,0.3,adsr_med,rir_medium,8780.557,7246.691,0.11776,1,0.3,0,0,13,1.0.0
bb_0008_fm_3to2_f350_d250_adsr_fast_am0x0.0_single_rir_medium.wav,train,48000,16,250,-8.614,,-17.155,fm_3to2,350,single,0,0.0,adsr_fast,rir_medium,1152.081,1548.155,0.042087,0,0.0,0,0,13,1.0.0
bb_0009_sine_f1000_d500_adsr_med_am30x0.3_major_dry.wav,train,48000,16,500,-7.564,,-20.0,sine,1000,major,30,0.3,adsr_med,dry,1279.612,655.581,0.053086,1,0.3,0,0,13,1.0.0
bb_0010_triangle_f1000_d100_adsr_med_am8x0.3_single_dry.wav,val,48000,16,100,-11.615,,-20.0,triangle,1000,single,8,0.3,adsr_med,dry,2041.475,3098.87,0.083351,0,0.3,0,0,13,1.0.0
bb_0011_triangle_f750_d100_percussive_am0x0.5_minor_dry.wav,test,48000,16,100,-7.935,,-20.0,triangle,750,minor,0,0.5,percussive,dry,1878.197,2939.573,0.043551,1,0.5,0,0,13,1.0.0
bb_0012_fm_3to2_f750_d100_adsr_fast_am0x0.0_major_rir_medium.wav,train,48000,16,100,-8.115,,-19.332,fm_3to2,750,major,0,0.0,adsr_fast,rir_medium,3013.723,2549.048,0.110856,1,0.0,0,0,13,1.0.0
bb_0013_triangle_f500_d500_adsr_med_am8x0.0_major_rir_medium.wav,train,48000,16,500,-7.458,,-17.669,triangle,500,major,8,0.0,adsr_med,rir_medium,1648.096,3102.953,0.027668,1,0.0,0,0,13,1.0.0
bb_0014_fm_2to1_f500_d500_percussive_am8x0.5_major_rir_small.wav,train,48000,16,500,-4.718,,-17.054,fm_2to1,500,major,8,0.5,percussive,rir_small,2405.092,2583.785,0.086129,1,0.5,0,0,13,1.0.0
bb_0015_triangle_f500_d250_adsr_fast_am8x0.5_major_rir_small.wav,train,48000,16,250,-5.681,,-17.494,triangle,500,major,8,0.5,adsr_fast,rir_small,1863.097,3412.906,0.031336,1,0.5,0,0,13,1.0.0
bb_0016_fm_3to2_f1000_d100_adsr_med_am30x0.0_major_rir_small.wav,train,48000,16,100,-7.675,,-18.441,fm_3to2,1000,major,30,0.0,adsr_med,rir_small,4003.486,3068.434,0.146906,1,0.0,0,0,13,1.0.0
bb_0017_fm_3to2_f350_d100_adsr_fast_am0x0.3_single_rir_medium.wav,val,48000,16,100,-12.189,,-19.394,fm_3to2,350,single,0,0.3,adsr_fast,rir_medium,1153.83,1452.868,0.03855,0,0.3,0,0,13,1.0.0
bb_0018_sine_f350_d100_adsr_fast_am8x0.3_single_dry.wav,train,48000,16,100,-12.925,,-20.0,sine,350,single,8,0.3,adsr_fast,dry,376.159,629.115,0.01667,0,0.3,0,0,13,1.0.0
bb_0019_triangle_f750_d100_percussive_am30x0.3_minor_rir_medium.wav,train,48000,16,100,-6.289,,-19.617,triangle,750,minor,30,0.3,percussive,rir_medium,2081.067,3314.229,0.043967,1,0.3,0,0,13,1.0.0
bb_0020_fm_3to2_f1000_d500_adsr_fast_am30x0.3_major_rir_small.wav,train,48000,16,500,-4.05,,-16.163,fm_3to2,1000,major,30,0.3,adsr_fast,rir_small,3984.816,2715.614,0.160048,1,0.3,0,0,13,1.0.0
bb_0021_sine_f500_d500_adsr_fast_am30x0.5_major_rir_medium.wav,train,48000,16,500,-5.486,,-17.19,sine,500,major,30,0.5,adsr_fast,rir_medium,857.152,1698.868,0.026459,1,0.5,0,0,13,1.0.0
bb_0022_square_f750_d500_adsr_med_am0x0.3_major_rir_small.wav,train,48000,16,500,-4.952,,-14.534,square,750,major,0,0.3,adsr_med,rir_small,8769.899,7387.086,0.091837,1,0.3,0,0,13,1.0.0
bb_0023_triangle_f1000_d250_adsr_med_am8x0.3_single_dry.wav,train,48000,16,250,-10.327,,-20.0,triangle,1000,single,8,0.3,adsr_med,dry,2044.361,3105.824,0.08334,0,0.3,0,0,13,1.0.0
bb_0024_fm_2to1_f1000_d250_percussive_am8x0.0_minor_rir_medium.wav,train,48000,16,250,-5.711,,-18.397,fm_2to1,1000,minor,8,0.0,percussive,rir_medium,4360.531,3236.646,0.175431,1,0.0,0,0,13,1.0.0
bb_0025_fm_3to2_f1000_d250_percussive_am0x0.3_major_rir_small.wav,train,48000,16,250,-5.729,,-17.017,fm_3to2,1000,major,0,0.3,percussive,rir_small,4115.231,2992.559,0.156846,1,0.3,0,0,13,1.0.0
bb_0026_square_f750_d250_percussive_am0x0.5_minor_dry.wav,train,48000,16,250,-8.526,,-20.0,square,750,minor,0,0.5,percussive,dry,8825.062,7327.164,0.054921,1,0.5,0,0,13,1.0.0
bb_0027_square_f1000_d250_adsr_med_am0x0.3_minor_rir_medium.wav,train,48000,16,250,-7.676,,-18.287,square,1000,minor,0,0.3,adsr_med,rir_medium,9205.54,7261.754,0.117426,1,0.3,0,0,13,1.0.0
bb_0028_fm_3to2_f1000_d250_adsr_fast_am8x0.5_major_dry.wav,train,48000,16,250,-7.55,,-20.0,fm_3to2,1000,major,8,0.5,adsr_fast,dry,3653.128,2403.258,0.142762,1,0.5,0,0,13,1.0.0
bb_0029_fm_3to2_f750_d100_adsr_fast_am30x0.3_minor_rir_medium.wav,train,48000,16,100,-6.162,,-19.307,fm_3to2,750,minor,30,0.3,adsr_fast,rir_medium,2885.99,2341.681,0.108148,1,0.3,0,0,13,1.0.0
bb_0030_square_f750_d100_adsr_fast_am30x0.0_single_dry.wav,train,48000,16,100,-15.141,,-20.0,square,750,single,30,0.0,adsr_fast,dry,9143.072,7383.396,0.031257,0,0.0,0,0,13,1.0.0
bb_0031_triangle_f1000_d500_adsr_fast_am30x0.3_minor_rir_medium.wav,train,48000,16,500,-6.533,,-17.079,triangle,1000,minor,30,0.3,adsr_fast,rir_medium,2711.188,3753.807,0.052961,1,0.3,0,0,13,1.0.0
bb_0032_fm_2to1_f500_d100_adsr_med_am0x0.3_major_rir_medium.wav,train,48000,16,100,-7.382,,-19.555,fm_2to1,500,major,0,0.3,adsr_med,rir_medium,2064.209,2044.099,0.06543,1,0.3,0,0,13,1.0.0
bb_0033_square_f500_d500_percussive_am0x0.3_minor_dry.wav,train,48000,16,500,-7.866,,-20.0,square,500,minor,0,0.3,percussive,dry,8437.701,7385.998,0.036877,1,0.3,0,0,13,1.0.0
bb_0034_fm_2to1_f1000_d100_percussive_am30x0.5_minor_rir_medium.wav,train,48000,16,100,-6.075,,-19.735,fm_2to1,1000,minor,30,0.5,percussive,rir_medium,3837.196,3015.076,0.132944,1,0.5,0,0,13,1.0.0
bb_0035_fm_3to2_f350_d500_adsr_med_am30x0.3_minor_dry.wav,train,48000,16,500,-8.274,,-20.0,fm_3to2,350,minor,30,0.3,adsr_med,dry,1261.659,905.3,0.04996,1,0.3,0,0,13,1.0.0
bb_0036_fm_2to1_f350_d500_adsr_med_am8x0.5_minor_rir_small.wav,train,48000,16,500,-3.427,,-15.083,fm_2to1,350,minor,8,0.5,adsr_med,rir_small,1422.988,1760.406,0.045752,1,0.5,0,0,13,1.0.0
bb_0037_fm_2to1_f1000_d500_percussive_am8x0.5_single_rir_small.wav,train,48000,16,500,-8.956,,-19.948,fm_2to1,1000,single,8,0.5,percussive,rir_small,3351.607,3584.903,0.063669,0,0.5,0,0,13,1.0.0
bb_0038_fm_2to1_f350_d100_adsr_fast_am8x0.0_major_dry.wav,val,48000,16,100,-8.821,,-20.0,fm_2to1,350,major,8,0.0,adsr_fast,dry,1342.669,1097.786,0.046676,1,0.0,0,0,13,1.0.0
bb_0039_square_f750_d100_percussive_am30x0.0_minor_rir_medium.wav,train,48000,16,100,-9.824,,-19.562,square,750,minor,30,0.0,percussive,rir_medium,7947.63,7202.093,0.072932,1,0.0,0,0,13,1.0.0
bb_0040_fm_3to2_f1000_d100_adsr_fast_am0x0.3_major_dry.wav,train,48000,16,100,-7.983,,-20.0,fm_3to2,1000,major,0,0.3,adsr_fast,dry,3667.364,2411.376,0.144822,1,0.3,0,0,13,1.0.0
bb_0041_fm_3to2_f1000_d250_adsr_fast_am30x0.5_major_dry.wav,train,48000,16,250,-5.435,,-20.0,fm_3to2,1000,major,30,0.5,adsr_fast,dry,3641.564,2395.268,0.142679,1,0.5,0,0,13,1.0.0
bb_0042_sine_f750_d250_percussive_am0x0.3_major_rir_small.wav,train,48000,16,250,-6.172,,-15.751,sine,750,major,0,0.3,percussive,rir_small,1814.718,3300.01,0.03917,1,0.3,0,0,13,1.0.0
bb_0043_fm_3to2_f500_d100_adsr_fast_am0x0.5_major_dry.wav,train,48000,16,100,-7.463,,-20.0,fm_3to2,500,major,0,0.5,adsr_fast,dry,1815.389,1222.58,0.073974,1,0.5,0,0,13,1.0.0
bb_0044_fm_3to2_f500_d500_adsr_fast_am0x0.5_single_rir_small.wav,train,48000,16,500,-6.774,,-16.255,fm_3to2,500,single,0,0.5,adsr_fast,rir_small,1862.616,2298.819,0.062753,0,0.5,0,0,13,1.0.0
bb_0045_triangle_f750_d500_adsr_fast_am0x0.3_minor_dry.wav,train,48000,16,500,-8.565,,-20.0,triangle,750,minor,0,0.3,adsr_fast,dry,1911.947,3006.349,0.043168,1,0.3,0,0,13,1.0.0
bb_0046_fm_3to2_f1000_d100_adsr_med_am8x0.3_major_rir_medium.wav,train,48000,16,100,-8.821,,-19.69,fm_3to2,1000,major,8,0.3,adsr_med,rir_medium,3914.854,2985.734,0.140446,1,0.3,0,0,13,1.0.0
bb_0047_fm_2to1_f1000_d500_adsr_med_am30x0.0_minor_rir_medium.wav,train,48000,16,500,-4.017,,-15.486,fm_2to1,1000,minor,30,0.0,adsr_med,rir_medium,4302.869,3145.367,0.177632,1,0.0,0,0,13,1.0.0
bb_0048_square_f1000_d250_adsr_med_am0x0.5_major_dry.wav,train,48000,16,250,-11.687,,-20.0,square,1000,major,0,0.5,adsr_med,dry,9068.953,7272.153,0.074173,1,0.5,0,0,13,1.0.0
bb_0049_fm_2to1_f1000_d500_adsr_med_am0x0.0_single_rir_medium.wav,train,48000,16,500,-3.872,,-14.026,fm_2to1,1000,single,0,0.0,adsr_med,rir_medium,3358.158,2964.085,0.108588,0,0.0,0,0,13,1.0.0
bb_0050_sine_f1000_d500_percussive_am0x0.3_major_rir_small.wav,train,48000,16,500,-5.503,,-18.148,sine,1000,major,0,0.3,percussive,rir_small,1617.397,2099.428,0.054877,1,0.3,0,0,13,1.0.0
bb_0051_triangle_f750_d100_percussive_am0x0.3_major_dry.wav,train,48000,16,100,-6.44,,-20.0,triangle,750,major,0,0.3,percussive,dry,1950.932,3042.029,0.045218,1,0.3,0,0,13,1.0.0
bb_0052_triangle_f750_d250_percussive_am0x0.3_minor_rir_small.wav,train,48000,16,250,-6.655,,-16.795,triangle,750,minor,0,0.3,percussive,rir_small,2374.186,3800.752,0.041587,1,0.3,0,0,13,1.0.0
bb_0053_fm_3to2_f1000_d250_adsr_fast_am0x0.5_minor_rir_medium.wav,train,48000,16,250,-7.374,,-17.937,fm_3to2,1000,minor,0,0.5,adsr_fast,rir_medium,3890.316,2773.45,0.151763,1,0.5,0,0,13,1.0.0
bb_0054_fm_3to2_f750_d250_adsr_med_am30x0.5_single_dry.wav,train,48000,16,250,-10.918,,-20.0,fm_3to2,750,single,30,0.5,adsr_med,dry,2183.338,1407.096,0.093841,0,0.5,0,0,13,1.0.0
bb_0055_triangle_f1000_d250_adsr_fast_am30x0.3_minor_dry.wav,train,48000,16,250,-6.52,,-20.0,triangle,1000,minor,30,0.3,adsr_fast,dry,2353.239,3249.672,0.057421,1,0.3,0,0,13,1.0.0
bb_0056_square_f1000_d250_percussive_am0x0.0_minor_rir_small.wav,val,48000,16,250,-8.527,,-17.995,square,1000,minor,0,0.0,percussive,rir_small,9038.791,7238.724,0.123344,1,0.0,0,0,13,1.0.0
bb_0057_fm_2to1_f350_d250_percussive_am8x0.5_minor_rir_small.wav,train,48000,16,250,-6.239,,-16.925,fm_2to1,350,minor,8,0.5,percussive,rir_small,1544.09,2145.021,0.049754,1,0.5,0,0,13,1.0.0
bb_0058_triangle_f350_d500_adsr_med_am0x0.3_single_dry.wav,train,48000,16,500,-12.007,,-20.0,triangle,350,single,0,0.3,adsr_med,dry,865.005,2023.476,0.016709,0,0.3,0,0,13,1.0.0
bb_0059_fm_2to1_f750_d500_percussive_am0x0.3_major_rir_small.wav,train,48000,16,500,-5.482,,-15.347,fm_2to1,750,major,0,0.3,percussive,rir_small,2830.59,2751.252,0.087795,1,0.3,0,0,13,1.0.0
bb_0060_sine_f500_d500_percussive_am8x0.0_minor_rir_small.wav,train,48000,16,500,-6.941,,-15.622,sine,500,minor,8,0.0,percussive,rir_small,988.793,2197.899,0.025793,1,0.0,0,0,13,1.0.0
bb_0061_fm_2to1_f500_d100_adsr_fast_am0x0.0_minor_rir_small.wav,train,48000,16,100,-8.244,,-17.678,fm_2to1,500,minor,0,0.0,adsr_fast,rir_small,2147.037,2332.903,0.068139,1,0.0,0,0,13,1.0.0
bb_0062_square_f750_d100_adsr_med_am0x0.5_minor_rir_small.wav,val,48000,16,100,-8.787,,-18.167,square,750,minor,0,0.5,adsr_med,rir_small,7449.873,7121.793,0.088143,1,0.5,0,0,13,1.0.0
bb_0063_fm_2to1_f750_d250_percussive_am30x0.0_single_dry.wav,train,48000,16,250,-9.944,,-20.0,fm_2to1,750,single,30,0.0,percussive,dry,2277.58,1739.569,0.062505,0,0.0,0,0,13,1.0.0
bb_0064_fm_2to1_f750_d500_adsr_med_am0x0.3_single_rir_medium.wav,train,48000,16,500,-11.716,,-21.225,fm_2to1,750,single,0,0.3,adsr_med,rir_medium,3339.84,3839.579,0.096171,0,0.3,0,0,13,1.0.0
bb_0065_fm_3to2_f750_d250_percussive_am30x0.3_single_dry.wav,val,48000,16,250,-9.121,,-20.0,fm_3to2,750,single,30,0.3,percussive,dry,2187.728,1422.717,0.093758,0,0.3,0,0,13,1.0.0
bb_0066_sine_f500_d250_percussive_am30x0.5_major_rir_small.wav,train,48000,16,250,-3.82,,-17.773,sine,500,major,30,0.5,percussive,rir_small,1385.057,3069.71,0.026752,1,0.5,0,0,13,1.0.0
bb_0067_triangle_f350_d100_adsr_fast_am0x0.5_major_rir_small.wav,train,48000,16,100,-7.23,,-17.499,triangle,350,major,0,0.5,adsr_fast,rir_small,1249.107,2784.779,0.02188,1,0.5,0,0,13,1.0.0
bb_0068_triangle_f1000_d500_adsr_fast_am8x0.0_single_rir_medium.wav,train,48000,16,500,-4.158,,-14.699,triangle,1000,single,8,0.0,adsr_fast,rir_medium,2118.109,3188.744,0.04621,0,0.0,0,0,13,1.0.0
bb_0069_sine_f500_d250_adsr_med_am8x0.5_single_dry.wav,train,48000,16,250,-11.429,,-20.0,sine,500,single,8,0.5,adsr_med,dry,532.352,704.58,0.04167,0,0.5,0,0,13,1.0.0
bb_0070_sine_f350_d100_adsr_med_am30x0.0_minor_rir_medium.wav,train,48000,16,100,-7.805,,-19.394,sine,350,minor,30,0.0,adsr_med,rir_medium,1521.313,3619.608,0.019171,1,0.0,0,0,13,1.0.0
bb_0071_fm_3to2_f500_d500_adsr_med_am8x0.3_minor_dry.wav,train,48000,16,500,-7.548,,-20.0,fm_3to2,500,minor,8,0.3,adsr_med,dry,1793.011,1234.721,0.071586,1,0.3,0,0,13,1.0.0
bb_0072_sine_f750_d100_adsr_fast_am8x0.5_major_rir_medium.wav,val,48000,16,100,-8.863,,-19.613,sine,750,major,8,0.5,adsr_fast,rir_medium,1559.963,2796.372,0.041259,1,0.5,0,0,13,1.0.0
bb_0073_square_f350_d250_percussive_am0x0.0_minor_rir_medium.wav,train,48000,16,250,-8.427,,-17.955,square,350,minor,0,0.0,percussive,rir_medium,7043.936,7179.233,0.046171,1,0.0,0,0,13,1.0.0
bb_0074_fm_2to1_f500_d500_adsr_med_am0x0.5_major_rir_medium.wav,train,48000,16,500,-7.171,,-17.28,fm_2to1,500,major,0,0.5,adsr_med,rir_medium,2286.733,2394.402,0.07917,1,0.5,0,0,13,1.0.0
bb_0075_fm_2to1_f1000_d100_adsr_med_am0x0.3_minor_dry.wav,train,48000,16,100,-7.387,,-20.0,fm_2to1,1000,minor,0,0.3,adsr_med,dry,3739.59,2939.966,0.123984,1,0.3,0,0,13,1.0.0
bb_0076_square_f350_d250_adsr_fast_am8x0.5_minor_rir_small.wav,train,48000,16,250,-5.185,,-16.14,square,350,minor,8,0.5,adsr_fast,rir_small,6291.097,6976.993,0.062255,1,0.5,0,0,13,1.0.0
bb_0077_square_f750_d250_adsr_med_am0x0.0_single_dry.wav,train,48000,16,250,-16.462,,-20.0,square,750,single,0,0.0,adsr_med,dry,9775.878,7375.165,0.031336,0,0.0,0,0,13,1.0.0
bb_0078_fm_2to1_f750_d500_adsr_fast_am30x0.5_single_rir_small.wav,train,48000,16,500,-6.909,,-14.853,fm_2to1,750,single,30,0.5,adsr_fast,rir_small,2636.366,2438.814,0.094629,0,0.5,0,0,13,1.0.0
bb_0079_square_f750_d500_adsr_med_am0x0.5_minor_rir_medium.wav,train,48000,16,500,-5.651,,-15.378,square,750,minor,0,0.5,adsr_med,rir_medium,8791.394,7367.789,0.08242,1,0.5,0,0,13,1.0.0
bb_0080_sine_f500_d500_adsr_med_am8x0.3_major_rir_small.wav,train,48000,16,500,-5.395,,-17.291,sine,500,major,8,0.3,adsr_med,rir_small,1231.266,2759.815,0.027043,1,0.3,0,0,13,1.0.0
bb_0081_fm_3to2_f750_d250_percussive_am0x0.5_major_dry.wav,train,48000,16,250,-5.796,,-20.0,fm_3to2,750,major,0,0.5,percussive,dry,2737.46,1819.929,0.107176,1,0.5,0,0,13,1.0.0
bb_0082_fm_2to1_f1000_d500_adsr_fast_am30x0.5_single_dry.wav,train,48000,16,500,-9.598,,-20.0,fm_2to1,1000,single,30,0.5,adsr_fast,dry,3043.281,2328.773,0.083295,0,0.5,0,0,13,1.0.0
bb_0083_triangle_f350_d250_adsr_med_am8x0.3_minor_dry.wav,test,48000,16,250,-7.315,,-20.0,triangle,350,minor,8,0.3,adsr_med,dry,993.603,2114.801,0.020668,1,0.3,0,0,13,1.0.0
bb_0084_triangle_f500_d100_adsr_fast_am0x0.5_single_rir_medium.wav,val,48000,16,100,-10.43,,-19.618,triangle,500,single,0,0.5,adsr_fast,rir_medium,1164.254,2359.939,0.031257,0,0.5,0,0,13,1.0.0
bb_0085_fm_2to1_f500_d500_percussive_am8x0.0_minor_rir_medium.wav,train,48000,16,500,-5.317,,-18.762,fm_2to1,500,minor,8,0.0,percussive,rir_medium,2351.467,2447.236,0.100338,1,0.0,0,0,13,1.0.0
bb_0086_sine_f750_d100_adsr_med_am30x0.5_minor_dry.wav,train,48000,16,100,-6.561,,-20.0,sine,750,minor,30,0.5,adsr_med,dry,934.976,465.183,0.040217,1,0.5,0,0,13,1.0.0
bb_0087_triangle_f350_d500_adsr_med_am0x0.3_minor_rir_medium.wav,val,48000,16,500,-6.906,,-17.304,triangle,350,minor,0,0.3,adsr_med,rir_medium,1671.163,3520.527,0.021459,1,0.3,0,0,13,1.0.0
bb_0088_fm_2to1_f500_d250_adsr_fast_am0x0.0_major_rir_medium.wav,train,48000,16,250,-8.77,,-18.165,fm_2to1,500,major,0,0.0,adsr_fast,rir_medium,2285.862,2418.393,0.073506,1,0.0,0,0,13,1.0.0
bb_0089_sine_f750_d500_adsr_fast_am8x0.5_minor_rir_small.wav,test,48000,16,500,-4.79,,-16.113,sine,750,minor,8,0.5,adsr_fast,rir_small,1392.239,2483.628,0.038043,1,0.5,0,0,13,1.0.0
bb_0090_square_f750_d250_adsr_fast_am0x0.0_minor_rir_medium.wav,train,48000,16,250,-7.77,,-16.51,square,750,minor,0,0.0,adsr_fast,rir_medium,8541.146,7311.745,0.078923,1,0.0,0,0,13,1.0.0
bb_0091_fm_3to2_f500_d250_adsr_fast_am8x0.3_major_dry.wav,test,48000,16,250,-7.637,,-20.0,fm_3to2,500,major,8,0.3,adsr_fast,dry,1826.348,1237.817,0.072423,1,0.3,0,0,13,1.0.0
bb_0092_fm_3to2_f350_d250_percussive_am8x0.3_major_rir_medium.wav,train,48000,16,250,-5.84,,-17.788,fm_3to2,350,major,8,0.3,percussive,rir_medium,1377.334,1385.6,0.052838,1,0.3,0,0,13,1.0.0
bb_0093_fm_3to2_f500_d250_adsr_med_am0x0.5_major_dry.wav,train,48000,16,250,-9.092,,-20.0,fm_3to2,500,major,0,0.5,adsr_med,dry,1824.265,1241.291,0.072589,1,0.5,0,0,13,1.0.0
bb_0094_sine_f1000_d250_percussive_am30x0.5_minor_rir_small.wav,train,48000,16,250,-4.386,,-17.897,sine,1000,minor,30,0.5,percussive,rir_small,1601.787,2158.565,0.052504,1,0.5,0,0,13,1.0.0
bb_0095_triangle_f1000_d100_adsr_med_am0x0.0_major_dry.wav,train,48000,16,100,-7.049,,-20.0,triangle,1000,major,0,0.0,adsr_med,dry,2400.56,3290.811,0.059179,1,0.0,0,0,13,1.0.0
bb_0096_triangle_f750_d100_percussive_am0x0.3_single_rir_medium.wav,val,48000,16,100,-9.841,,-19.783,triangle,750,single,0,0.3,percussive,rir_medium,2679.57,4434.041,0.048552,0,0.3,0,0,13,1.0.0
bb_0097_fm_3to2_f1000_d100_adsr_fast_am8x0.3_major_dry.wav,test,48000,16,100,-8.466,,-20.0,fm_3to2,1000,major,8,0.3,adsr_fast,dry,3660.679,2410.421,0.145864,1,0.3,0,0,13,1.0.0
bb_0098_triangle_f500_d250_adsr_med_am0x0.3_minor_rir_small.wav,train,48000,16,250,-4.603,,-15.727,triangle,500,minor,0,0.3,adsr_med,rir_small,1608.902,3083.439,0.028252,1,0.3,0,0,13,1.0.0
bb_0099_fm_3to2_f750_d250_percussive_am8x0.3_major_rir_medium.wav,train,48000,16,250,-6.143,,-17.871,fm_3to2,750,major,8,0.3,percussive,rir_medium,3100.627,2606.541,0.116593,1,0.3,0,0,13,1.0.0
bb_0100_triangle_f750_d100_adsr_fast_am30x0.0_single_dry.wav,test,48000,16,100,-10.379,,-20.0,triangle,750,single,30,0.0,adsr_fast,dry,1616.688,2770.838,0.062513,0,0.0,0,0,13,1.0.0
bb_0101_triangle_f500_d250_adsr_fast_am0x0.3_minor_dry.wav,train,48000,16,250,-9.012,,-20.0,triangle,500,minor,0,0.3,adsr_fast,dry,1355.921,2522.538,0.028919,1,0.3,0,0,13,1.0.0
bb_0102_fm_3to2_f1000_d100_percussive_am30x0.0_minor_dry.wav,train,48000,16,100,-7.452,,-20.0,fm_3to2,1000,minor,30,0.0,percussive,dry,3584.7,2374.544,0.14503,1,0.0,0,0,13,1.0.0
bb_0103_fm_2to1_f1000_d500_adsr_fast_am30x0.3_minor_dry.wav,val,48000,16,500,-6.933,,-20.0,fm_2to1,1000,minor,30,0.3,adsr_fast,dry,3736.381,2957.903,0.12338,1,0.3,0,0,13,1.0.0
bb_0104_fm_2to1_f1000_d250_percussive_am8x0.3_minor_rir_medium.wav,train,48000,16,250,-6.274,,-18.612,fm_2to1,1000,minor,8,0.3,percussive,rir_medium,4285.076,3198.754,0.172181,1,0.3,0,0,13,1.0.0
bb_0105_sine_f350_d500_adsr_med_am30x0.5_major_rir_medium.wav,train,48000,16,500,-4.562,,-15.918,sine,350,major,30,0.5,adsr_med,rir_medium,1214.114,3085.111,0.020001,1,0.5,0,0,13,1.0.0
bb_0106_fm_3to2_f500_d500_adsr_med_am8x0.3_single_rir_medium.wav,test,48000,16,500,-6.562,,-17.348,fm_3to2,500,single,8,0.3,adsr_med,rir_medium,1861.411,2504.275,0.057502,0,0.3,0,0,13,1.0.0
bb_0107_sine_f750_d250_percussive_am30x0.5_major_dry.wav,train,48000,16,250,-3.924,,-20.0,sine,750,major,30,0.5,percussive,dry,959.673,574.342,0.040503,1,0.5,0,0,13,1.0.0
bb_0108_fm_2to1_f1000_d500_adsr_med_am8x0.0_single_rir_medium.wav,train,48000,16,500,-3.872,,-14.026,fm_2to1,1000,single,8,0.0,adsr_med,rir_medium,3358.158,2964.085,0.108588,0,0.0,0,0,13,1.0.0
bb_0109_square_f350_d500_percussive_am0x0.3_major_rir_small.wav,train,48000,16,500,-6.54,,-14.942,square,350,major,0,0.3,percussive,rir_small,6948.707,7209.949,0.052377,1,0.3,0,0,13,1.0.0
bb_0110_square_f500_d250_percussive_am0x0.3_minor_rir_medium.wav,test,48000,16,250,-8.395,,-19.281,square,500,minor,0,0.3,percussive,rir_medium,8081.123,7327.936,0.085674,1,0.3,0,0,13,1.0.0
bb_0111_square_f750_d100_percussive_am8x0.0_minor_rir_medium.wav,train,48000,16,100,-9.824,,-19.562,square,750,minor,8,0.0,percussive,rir_medium,7947.63,7202.093,0.072932,1,0.0,0,0,13,1.0.0
bb_0112_square_f500_d100_percussive_am0x0.3_minor_rir_medium.wav,train,48000,16,100,-9.68,,-19.705,square,500,minor,0,0.3,percussive,rir_medium,7163.947,7128.404,0.047302,1,0.3,0,0,13,1.0.0
bb_0113_fm_2to1_f500_d100_percussive_am8x0.3_minor_dry.wav,train,48000,16,100,-8.078,,-20.0,fm_2to1,500,minor,8,0.3,percussive,dry,1875.039,1504.571,0.066264,1,0.3,0,0,13,1.0.0
bb_0114_triangle_f500_d100_adsr_med_am8x0.0_minor_dry.wav,train,48000,16,100,-7.055,,-20.0,triangle,500,minor,8,0.0,adsr_med,dry,1345.49,2490.365,0.030423,1,0.0,0,0,13,1.0.0
bb_0115_sine_f1000_d500_adsr_med_am30x0.5_minor_rir_small.wav,train,48000,16,500,-4.356,,-16.795,sine,1000,minor,30,0.5,adsr_med,rir_small,1454.224,1745.306,0.051627,1,0.5,0,0,13,1.0.0
bb_0116_sine_f350_d500_adsr_fast_am30x0.3_major_rir_medium.wav,train,48000,16,500,-5.441,,-16.003,sine,350,major,30,0.3,adsr_fast,rir_medium,1132.815,2928.35,0.019126,1,0.3,0,0,13,1.0.0
bb_0117_square_f500_d100_adsr_fast_am8x0.3_single_dry.wav,train,48000,16,100,-15.932,,-20.0,square,500,single,8,0.3,adsr_fast,dry,8132.631,7385.684,0.021046,0,0.3,0,0,13,1.0.0
bb_0118_fm_2to1_f500_d250_adsr_fast_am30x0.0_single_rir_medium.wav,train,48000,16,250,-12.107,,-21.02,fm_2to1,500,single,30,0.0,adsr_fast,rir_medium,1818.532,2197.761,0.046254,0,0.0,0,0,13,1.0.0
bb_0119_fm_2to1_f500_d250_adsr_fast_am0x0.0_minor_dry.wav,train,48000,16,250,-8.653,,-20.0,fm_2to1,500,minor,0,0.0,adsr_fast,dry,1877.115,1525.779,0.063255,1,0.0,0,0,13,1.0.0
bb_0120_fm_3to2_f350_d500_adsr_med_am0x0.0_single_rir_medium.wav,train,48000,16,500,-7.201,,-15.945,fm_3to2,350,single,0,0.0,adsr_med,rir_medium,1205.885,1503.784,0.049544,0,0.0,0,0,13,1.0.0
bb_0121_fm_3to2_f1000_d500_percussive_am0x0.0_major_rir_small.wav,train,48000,16,500,-5.184,,-16.547,fm_3to2,1000,major,0,0.0,percussive,rir_small,4099.097,2837.423,0.16009,1,0.0,0,0,13,1.0.0
bb_0122_triangle_f350_d500_adsr_med_am0x0.3_minor_dry.wav,train,48000,16,500,-8.661,,-20.0,triangle,350,minor,0,0.3,adsr_med,dry,1022.763,2201.663,0.020418,1,0.3,0,0,13,1.0.0
bb_0123_sine_f500_d500_adsr_med_am8x0.3_single_dry.wav,train,48000,16,500,-12.053,,-20.0,sine,500,single,8,0.3,adsr_med,dry,541.594,804.04,0.041668,0,0.3,0,0,13,1.0.0
bb_0124_fm_3to2_f1000_d500_adsr_med_am8x0.5_minor_dry.wav,train,48000,16,500,-6.8,,-20.0,fm_3to2,1000,minor,8,0.5,adsr_med,dry,3573.762,2361.491,0.142131,1,0.5,0,0,13,1.0.0
bb_0125_fm_3to2_f1000_d500_adsr_med_am30x0.3_major_rir_medium.wav,train,48000,16,500,-5.467,,-16.347,fm_3to2,1000,major,30,0.3,adsr_med,rir_medium,3923.545,2813.61,0.151215,1,0.3,0,0,13,1.0.0
bb_0126_fm_2to1_f350_d100_percussive_am0x0.0_minor_rir_small.wav,train,48000,16,100,-7.23,,-18.615,fm_2to1,350,minor,0,0.0,percussive,rir_small,1621.698,2301.146,0.04876,1,0.0,0,0,13,1.0.0
bb_0127_fm_3to2_f750_d100_adsr_med_am30x0.0_major_rir_medium.wav,train,48000,16,100,-7.736,,-19.529,fm_3to2,750,major,30,0.0,adsr_med,rir_medium,3013.128,2560.277,0.110856,1,0.0,0,0,13,1.0.0
bb_0128_sine_f500_d250_adsr_fast_am8x0.0_single_rir_medium.wav,train,48000,16,250,-12.446,,-20.885,sine,500,single,8,0.0,adsr_fast,rir_medium,648.803,1204.774,0.024919,0,0.0,0,0,13,1.0.0
bb_0129_fm_2to1_f500_d100_adsr_fast_am0x0.5_single_dry.wav,train,48000,16,100,-11.849,,-20.0,fm_2to1,500,single,0,0.5,adsr_fast,dry,1528.324,1221.206,0.041675,0,0.5,0,0,13,1.0.0
bb_0130_fm_3to2_f350_d500_adsr_med_am8x0.0_single_dry.wav,train,48000,16,500,-13.692,,-20.0,fm_3to2,350,single,8,0.0,adsr_med,dry,1026.974,780.672,0.03771,0,0.0,0,0,13,1.0.0
bb_0131_square_f750_d500_adsr_fast_am0x0.3_single_dry.wav,train,48000,16,500,-15.482,,-20.0,square,750,single,0,0.3,adsr_fast,dry,10270.311,7334.174,0.031251,0,0.3,0,0,13,1.0.0
bb_0132_triangle_f1000_d100_percussive_am30x0.3_major_rir_medium.wav,train,48000,16,100,-5.364,,-19.712,triangle,1000,major,30,0.3,percussive,rir_medium,2492.335,3434.865,0.057304,1,0.3,0,0,13,1.0.0
bb_0133_fm_3to2_f500_d250_percussive_am8x0.0_major_rir_medium.wav,train,48000,16,250,-5.941,,-18.461,fm_3to2,500,major,8,0.0,percussive,rir_medium,2139.922,2350.076,0.077923,1,0.0,0,0,13,1.0.0
bb_0134_fm_3to2_f750_d250_adsr_med_am30x0.5_single_rir_medium.wav,val,48000,16,250,-6.598,,-17.165,fm_3to2,750,single,30,0.5,adsr_med,rir_medium,2212.699,1759.841,0.092758,0,0.5,0,0,13,1.0.0
bb_0135_fm_2to1_f500_d250_percussive_am0x0.0_minor_rir_medium.wav,test,48000,16,250,-5.849,,-19.082,fm_2to1,500,minor,0,0.0,percussive,rir_medium,2321.308,2617.577,0.089174,1,0.0,0,0,13,1.0.0
bb_0136_fm_2to1_f500_d250_adsr_med_am0x0.3_minor_dry.wav,train,48000,16,250,-9.064,,-20.0,fm_2to1,500,minor,0,0.3,adsr_med,dry,1877.122,1521.942,0.063505,1,0.3,0,0,13,1.0.0
bb_0137_fm_2to1_f500_d100_percussive_am30x0.0_minor_rir_medium.wav,val,48000,16,100,-7.133,,-19.7,fm_2to1,500,minor,30,0.0,percussive,rir_medium,2225.679,2601.909,0.067722,1,0.0,0,0,13,1.0.0
bb_0138_triangle_f350_d500_percussive_am30x0.3_major_rir_medium.wav,train,48000,16,500,-3.827,,-16.446,triangle,350,major,30,0.3,percussive,rir_medium,1541.822,3334.285,0.020793,1,0.3,0,0,13,1.0.0
bb_0139_sine_f350_d100_percussive_am0x0.0_major_rir_medium.wav,train,48000,16,100,-8.124,,-19.441,sine,350,major,0,0.0,percussive,rir_medium,1545.73,3643.418,0.019379,1,0.0,0,0,13,1.0.0
bb_0140_square_f350_d100_percussive_am0x0.0_single_dry.wav,train,48000,16,100,-14.599,,-20.0,square,350,single,0,0.0,percussive,dry,6607.224,7107.6,0.014586,0,0.0,0,0,13,1.0.0
bb_0141_fm_2to1_f1000_d250_adsr_fast_am30x0.5_single_rir_small.wav,test,48000,16,250,-9.619,,-19.7,fm_2to1,1000,single,30,0.5,adsr_fast,rir_small,3546.811,3579.642,0.074173,0,0.5,0,0,13,1.0.0
bb_0142_fm_2to1_f750_d250_adsr_med_am8x0.5_single_rir_small.wav,train,48000,16,250,-6.629,,-15.315,fm_2to1,750,single,8,0.5,adsr_med,rir_small,2929.162,3156.701,0.092008,0,0.5,0,0,13,1.0.0
bb_0143_triangle_f350_d250_adsr_med_am30x0.3_single_rir_medium.wav,train,48000,16,250,-6.747,,-16.532,triangle,350,single,30,0.3,adsr_med,rir_medium,1976.821,4155.846,0.015335,0,0.3,0,0,13,1.0.0
bb_0144_square_f1000_d500_percussive_am8x0.3_major_rir_small.wav,train,48000,16,500,-6.175,,-17.887,square,1000,major,8,0.3,percussive,rir_small,9242.784,7191.159,0.135922,1,0.3,0,0,13,1.0.0
bb_0145_sine_f350_d500_percussive_am8x0.5_single_rir_medium.wav,train,48000,16,500,-9.784,,-17.361,sine,350,single,8,0.5,percussive,rir_medium,1568.314,3802.8,0.015126,0,0.5,0,0,13,1.0.0
bb_0146_square_f350_d100_adsr_fast_am30x0.5_single_dry.wav,train,48000,16,100,-13.014,,-20.0,square,350,single,30,0.5,adsr_fast,dry,6607.952,7106.926,0.014586,0,0.5,0,0,13,1.0.0
bb_0147_square_f350_d100_adsr_fast_am8x0.5_major_rir_medium.wav,train,48000,16,100,-11.178,,-19.402,square,350,major,8,0.5,adsr_fast,rir_medium,6376.099,6995.781,0.036466,1,0.5,0,0,13,1.0.0
bb_0148_fm_2to1_f350_d100_adsr_fast_am30x0.0_minor_rir_small.wav,train,48000,16,100,-6.818,,-17.966,fm_2to1,350,minor,30,0.0,adsr_fast,rir_small,1557.895,2150.116,0.051052,1,0.0,0,0,13,1.0.0
bb_0149_fm_3to2_f500_d250_adsr_med_am8x0.5_minor_rir_medium.wav,train,48000,16,250,-6.437,,-18.101,fm_3to2,500,minor,8,0.5,adsr_med,rir_medium,2220.266,2631.456,0.07434,1,0.5,0,0,13,1.0.0
bb_0150_fm_3to2_f1000_d100_percussive_am30x0.5_major_rir_medium.wav,test,48000,16,100,-5.328,,-19.701,fm_3to2,1000,major,30,0.5,percussive,rir_medium,3902.048,2968.981,0.139196,1,0.5,0,0,13,1.0.0
bb_0151_fm_3to2_f750_d100_adsr_med_am8x0.5_minor_rir_medium.wav,train,48000,16,100,-8.774,,-19.699,fm_3to2,750,minor,8,0.5,adsr_med,rir_medium,2865.321,2312.461,0.107731,1,0.5,0,0,13,1.0.0
bb_0152_fm_3to2_f1000_d250_percussive_am30x0.3_minor_dry.wav,train,48000,16,250,-4.669,,-20.0,fm_3to2,1000,minor,30,0.3,percussive,dry,3569.395,2359.232,0.141928,1,0.3,0,0,13,1.0.0
bb_0153_fm_2to1_f350_d500_adsr_med_am8x0.3_major_dry.wav,train,48000,16,500,-7.648,,-20.0,fm_2to1,350,major,8,0.3,adsr_med,dry,1345.234,1146.631,0.04496,1,0.3,0,0,13,1.0.0
bb_0154_fm_3to2_f350_d100_adsr_med_am0x0.0_major_rir_medium.wav,train,48000,16,100,-7.462,,-19.33,fm_3to2,350,major,0,0.0,adsr_med,rir_medium,1356.176,1328.189,0.048552,1,0.0,0,0,13,1.0.0
bb_0155_square_f1000_d100_percussive_am0x0.0_single_rir_medium.wav,train,48000,16,100,-14.599,,-19.801,square,1000,single,0,0.0,percussive,rir_medium,9103.144,7351.424,0.055845,0,0.0,0,0,13,1.0.0
bb_0156_sine_f750_d500_adsr_med_am0x0.5_single_rir_medium.wav,train,48000,16,500,-11.717,,-21.885,sine,750,single,0,0.5,adsr_med,rir_medium,2650.537,4612.453,0.034501,0,0.5,0,0,13,1.0.0
bb_0157_fm_3to2_f1000_d100_adsr_med_am8x0.5_major_rir_small.wav,train,48000,16,100,-7.151,,-18.561,fm_3to2,1000,major,8,0.5,adsr_med,rir_small,4013.665,3091.768,0.15274,1,0.5,0,0,13,1.0.0
bb_0158_fm_2to1_f500_d100_percussive_am30x0.3_single_rir_small.wav,train,48000,16,100,-9.57,,-18.177,fm_2to1,500,single,30,0.3,percussive,rir_small,2217.168,3212.812,0.035841,0,0.3,0,0,13,1.0.0
bb_0159_triangle_f1000_d100_adsr_fast_am30x0.3_single_dry.wav,train,48000,16,100,-8.952,,-20.0,triangle,1000,single,30,0.3,adsr_fast,dry,2035.338,3085.293,0.083351,0,0.3,0,0,13,1.0.0
bb_0160_square_f750_d250_adsr_med_am8x0.3_minor_dry.wav,train,48000,16,250,-10.303,,-20.0,square,750,minor,8,0.3,adsr_med,dry,8553.685,7286.983,0.054921,1,0.3,0,0,13,1.0.0
bb_0161_fm_2to1_f1000_d100_adsr_med_am0x0.3_minor_rir_small.wav,train,48000,16,100,-7.387,,-18.995,fm_2to1,1000,minor,0,0.3,adsr_med,rir_small,4118.204,3482.256,0.132319,1,0.3,0,0,13,1.0.0
bb_0162_fm_2to1_f350_d100_adsr_med_am8x0.3_minor_rir_medium.wav,train,48000,16,100,-8.705,,-19.576,fm_2to1,350,minor,8,0.3,adsr_med,rir_medium,1932.171,3028.663,0.048135,1,0.3,0,0,13,1.0.0
bb_0163_triangle_f750_d250_adsr_fast_am8x0.3_single_dry.wav,train,48000,16,250,-10.571,,-20.0,triangle,750,single,8,0.3,adsr_fast,dry,1628.2,2800.758,0.062505,0,0.3,0,0,13,1.0.0
bb_0164_sine_f750_d250_adsr_fast_am0x0.0_major_rir_small.wav,train,48000,16,250,-6.371,,-15.033,sine,750,major,0,0.0,adsr_fast,rir_small,1610.207,2922.495,0.039337,1,0.0,0,0,13,1.0.0
bb_0165_square_f500_d500_percussive_am8x0.0_major_rir_medium.wav,train,48000,16,500,-7.874,,-17.828,square,500,major,8,0.0,percussive,rir_medium,8619.544,7396.46,0.066128,1,0.0,0,0,13,1.0.0
bb_0166_square_f750_d100_percussive_am0x0.3_minor_rir_small.wav,train,48000,16,100,-9.143,,-18.42,square,750,minor,0,0.3,percussive,rir_small,7457.854,7122.005,0.088143,1,0.3,0,0,13,1.0.0
bb_0167_sine_f350_d500_adsr_fast_am30x0.0_single_rir_small.wav,train,48000,16,500,-8.286,,-12.894,sine,350,single,30,0.0,adsr_fast,rir_small,764.436,2291.629,0.014792,0,0.0,0,0,13,1.0.0
bb_0168_triangle_f1000_d250_adsr_med_am30x0.3_major_rir_small.wav,train,48000,16,250,-2.953,,-17.714,triangle,1000,major,30,0.3,adsr_med,rir_small,2763.106,3721.326,0.057255,1,0.3,0,0,13,1.0.0
bb_0169_square_f750_d250_percussive_am30x0.0_single_rir_small.wav,train,48000,16,250,-10.641,,-16.569,square,750,single,30,0.0,percussive,rir_small,9203.964,7372.271,0.046921,0,0.0,0,0,13,1.0.0
bb_0170_fm_3to2_f1000_d500_adsr_fast_am8x0.0_minor_rir_small.wav,train,48000,16,500,-5.953,,-16.184,fm_3to2,1000,minor,8,0.0,adsr_fast,rir_small,3622.289,2557.424,0.140631,1,0.0,0,0,13,1.0.0
bb_0171_sine_f750_d250_percussive_am8x0.3_major_dry.wav,test,48000,16,250,-6.309,,-20.0,sine,750,major,8,0.3,percussive,dry,966.804,640.238,0.040503,1,0.3,0,0,13,1.0.0
bb_0172_fm_2to1_f1000_d500_adsr_fast_am30x0.0_minor_rir_medium.wav,val,48000,16,500,-4.235,,-15.773,fm_2to1,1000,minor,30,0.0,adsr_fast,rir_medium,4319.826,3121.048,0.181341,1,0.0,0,0,13,1.0.0
bb_0173_fm_3to2_f350_d100_adsr_med_am8x0.5_major_rir_small.wav,train,48000,16,100,-6.293,,-17.97,fm_3to2,350,major,8,0.5,adsr_med,rir_small,1439.079,1762.05,0.048135,1,0.5,0,0,13,1.0.0
bb_0174_fm_3to2_f350_d250_percussive_am0x0.3_minor_dry.wav,train,48000,16,250,-6.701,,-20.0,fm_3to2,350,minor,0,0.3,percussive,dry,1262.982,917.798,0.051504,1,0.3,0,0,13,1.0.0
bb_0175_sine_f750_d250_adsr_med_am0x0.5_single_rir_medium.wav,train,48000,16,250,-11.492,,-20.7,sine,750,single,0,0.5,adsr_med,rir_medium,2876.213,4828.071,0.038253,0,0.5,0,0,13,1.0.0
bb_0176_square_f750_d250_percussive_am30x0.5_single_rir_small.wav,train,48000,16,250,-10.035,,-16.661,square,750,single,30,0.5,percussive,rir_small,8802.735,7340.463,0.066339,0,0.5,0,0,13,1.0.0
bb_0177_fm_2to1_f750_d500_percussive_am30x0.3_single_rir_medium.wav,train,48000,16,500,-8.149,,-20.851,fm_2to1,750,single,30,0.3,percussive,rir_medium,3077.69,3444.684,0.086712,0,0.3,0,0,13,1.0.0
bb_0178_sine_f350_d100_percussive_am8x0.0_major_dry.wav,train,48000,16,100,-8.124,,-20.0,sine,350,major,8,0.0,percussive,dry,522.7,1048.942,0.020004,1,0.0,0,0,13,1.0.0
bb_0179_triangle_f350_d500_adsr_fast_am0x0.0_single_dry.wav,val,48000,16,500,-10.711,,-20.0,triangle,350,single,0,0.0,adsr_fast,dry,858.193,1996.86,0.016667,0,0.0,0,0,13,1.0.0
bb_0180_fm_3to2_f350_d500_percussive_am0x0.3_major_rir_small.wav,train,48000,16,500,-4.722,,-15.449,fm_3to2,350,major,0,0.3,percussive,rir_small,1351.223,1448.805,0.049752,1,0.3,0,0,13,1.0.0
bb_0181_fm_3to2_f1000_d250_adsr_med_am8x0.3_major_dry.wav,test,48000,16,250,-7.404,,-20.0,fm_3to2,1000,major,8,0.3,adsr_med,dry,3653.98,2405.168,0.143095,1,0.3,0,0,13,1.0.0
bb_0182_fm_3to2_f350_d250_adsr_med_am8x0.5_major_rir_medium.wav,test,48000,16,250,-5.305,,-17.447,fm_3to2,350,major,8,0.5,adsr_med,rir_medium,1396.434,1452.21,0.052004,1,0.5,0,0,13,1.0.0
bb_0183_fm_2to1_f750_d500_adsr_med_am0x0.5_major_dry.wav,train,48000,16,500,-8.97,,-20.0,fm_2to1,750,major,0,0.5,adsr_med,dry,2869.462,2280.017,0.094504,1,0.5,0,0,13,1.0.0
bb_0184_fm_3to2_f500_d100_percussive_am30x0.5_major_rir_small.wav,train,48000,16,100,-4.867,,-18.478,fm_3to2,500,major,30,0.5,percussive,rir_small,2148.29,2418.343,0.076891,1,0.5,0,0,13,1.0.0
bb_0185_fm_3to2_f350_d100_adsr_fast_am8x0.3_minor_rir_small.wav,train,48000,16,100,-6.131,,-17.401,fm_3to2,350,minor,8,0.3,adsr_fast,rir_small,1592.319,2221.161,0.050427,1,0.3,0,0,13,1.0.0
bb_0186_square_f750_d250_percussive_am8x0.3_minor_rir_small.wav,train,48000,16,250,-6.671,,-16.989,square,750,minor,8,0.3,percussive,rir_small,8052.23,7225.751,0.093841,1,0.3,0,0,13,1.0.0
bb_0187_triangle_f350_d100_adsr_fast_am30x0.3_minor_rir_small.wav,train,48000,16,100,-6.66,,-17.971,triangle,350,minor,30,0.3,adsr_fast,rir_small,1232.523,2748.404,0.020421,1,0.3,0,0,13,1.0.0
bb_0188_triangle_f500_d500_adsr_fast_am8x0.5_major_dry.wav,train,48000,16,500,-6.63,,-20.0,triangle,500,major,8,0.5,adsr_fast,dry,1388.28,2565.776,0.029751,1,0.5,0,0,13,1.0.0
bb_0189_fm_3to2_f1000_d500_percussive_am0x0.0_single_rir_medium.wav,train,48000,16,500,-6.002,,-17.611,fm_3to2,1000,single,0,0.0,percussive,rir_medium,3195.606,2183.216,0.124422,0,0.0,0,0,13,1.0.0
bb_0190_square_f500_d100_adsr_med_am0x0.0_minor_rir_medium.wav,train,48000,16,100,-10.471,,-19.623,square,500,minor,0,0.0,adsr_med,rir_medium,7146.564,7127.531,0.047302,1,0.0,0,0,13,1.0.0
bb_0191_triangle_f350_d500_percussive_am8x0.0_major_dry.wav,train,48000,16,500,-5.348,,-20.0,triangle,350,major,8,0.0,percussive,dry,1035.61,2209.767,0.020834,1,0.0,0,0,13,1.0.0
bb_0192_triangle_f500_d100_adsr_med_am30x0.0_major_rir_small.wav,train,48000,16,100,-6.962,,-18.431,triangle,500,major,30,0.0,adsr_med,rir_small,1854.998,3450.532,0.032298,1,0.0,0,0,13,1.0.0
bb_0193_fm_3to2_f1000_d500_adsr_fast_am8x0.5_major_rir_small.wav,train,48000,16,500,-3.214,,-16.29,fm_3to2,1000,major,8,0.5,adsr_fast,rir_small,3990.287,2750.173,0.160798,1,0.5,0,0,13,1.0.0
bb_0194_sine_f500_d250_percussive_am0x0.5_single_rir_small.wav,train,48000,16,250,-10.288,,-16.829,sine,500,single,0,0.5,percussive,rir_small,1370.167,3261.742,0.023585,0,0.5,0,0,13,1.0.0
bb_0195_fm_2to1_f350_d250_percussive_am30x0.3_single_rir_medium.wav,train,48000,16,250,-8.823,,-18.123,fm_2to1,350,single,30,0.3,percussive,rir_medium,1809.079,3350.932,0.021085,0,0.3,0,0,13,1.0.0
bb_0196_sine_f750_d100_percussive_am30x0.3_minor_dry.wav,train,48000,16,100,-6.634,,-20.0,sine,750,minor,30,0.3,percussive,dry,946.129,601.816,0.040217,1,0.3,0,0,13,1.0.0
bb_0197_square_f500_d100_adsr_med_am30x0.5_minor_dry.wav,train,48000,16,100,-8.693,,-20.0,square,500,minor,30,0.5,adsr_med,dry,6792.79,7001.436,0.036466,1,0.5,0,0,13,1.0.0
bb_0198_fm_2to1_f500_d500_adsr_fast_am0x0.5_major_rir_medium.wav,train,48000,16,500,-8.246,,-17.314,fm_2to1,500,major,0,0.5,adsr_fast,rir_medium,2264.88,2311.313,0.076087,1,0.5,0,0,13,1.0.0
bb_0199_triangle_f1000_d250_adsr_med_am0x0.3_major_rir_medium.wav,train,48000,16,250,-6.922,,-18.44,triangle,1000,major,0,0.3,adsr_med,rir_medium,2891.049,3973.158,0.055171,1,0.3,0,0,13,1.0.0
bb_0200_triangle_f1000_d100_percussive_am30x0.0_major_rir_small.wav,train,48000,16,100,-6.394,,-18.971,triangle,1000,major,30,0.0,percussive,rir_small,2564.403,3509.711,0.066264,1,0.0,0,0,13,1.0.0
bb_0201_fm_3to2_f500_d250_adsr_fast_am0x0.0_minor_dry.wav,val,48000,16,250,-8.296,,-20.0,fm_3to2,500,minor,0,0.0,adsr_fast,dry,1787.957,1221.99,0.071589,1,0.0,0,0,13,1.0.0
bb_0202_sine_f1000_d100_percussive_am0x0.3_major_rir_small.wav,test,48000,16,100,-7.327,,-18.973,sine,1000,major,0,0.3,percussive,rir_small,1708.396,2338.363,0.054803,1,0.3,0,0,13,1.0.0
bb_0203_sine_f1000_d250_percussive_am30x0.3_major_rir_small.wav,train,48000,16,250,-4.795,,-18.471,sine,1000,major,30,0.3,percussive,rir_small,1779.585,2488.825,0.054088,1,0.3,0,0,13,1.0.0
bb_0204_square_f750_d500_percussive_am8x0.0_minor_rir_small.wav,test,48000,16,500,-7.114,,-16.264,square,750,minor,8,0.0,percussive,rir_small,8992.235,7358.619,0.101213,1,0.0,0,0,13,1.0.0
bb_0205_square_f1000_d250_percussive_am8x0.5_minor_rir_medium.wav,train,48000,16,250,-8.919,,-19.06,square,1000,minor,8,0.5,percussive,rir_medium,9033.806,7256.413,0.12351,1,0.5,0,0,13,1.0.0
bb_0206_fm_2to1_f1000_d100_adsr_fast_am8x0.0_minor_rir_medium.wav,train,48000,16,100,-8.47,,-19.453,fm_2to1,1000,minor,8,0.0,adsr_fast,rir_medium,3882.279,3066.16,0.138571,1,0.0,0,0,13,1.0.0
bb_0207_fm_2to1_f500_d500_percussive_am30x0.3_major_rir_small.wav,train,48000,16,500,-4.574,,-17.01,fm_2to1,500,major,30,0.3,percussive,rir_small,2407.143,2600.271,0.086795,1,0.3,0,0,13,1.0.0
bb_0208_square_f1000_d250_adsr_fast_am0x0.5_single_rir_medium.wav,train,48000,16,250,-8.761,,-19.011,square,1000,single,0,0.5,adsr_fast,rir_medium,10257.99,7309.346,0.074756,0,0.5,0,0,13,1.0.0
bb_0209_triangle_f500_d250_percussive_am0x0.5_single_dry.wav,train,48000,16,250,-8.53,,-20.0,triangle,500,single,0,0.5,percussive,dry,1157.273,2341.72,0.04167,0,0.5,0,0,13,1.0.0
bb_0210_fm_2to1_f350_d500_adsr_fast_am30x0.0_major_dry.wav,train,48000,16,500,-9.302,,-20.0,fm_2to1,350,major,30,0.0,adsr_fast,dry,1348.515,1173.31,0.04471,1,0.0,0,0,13,1.0.0
bb_0211_sine_f750_d500_adsr_med_am30x0.0_major_dry.wav,train,48000,16,500,-10.056,,-20.0,sine,750,major,30,0.0,adsr_med,dry,973.142,722.166,0.04021,1,0.0,0,0,13,1.0.0
bb_0212_triangle_f750_d250_adsr_fast_am0x0.0_major_dry.wav,train,48000,16,250,-6.993,,-20.0,triangle,750,major,0,0.0,adsr_fast,dry,1917.066,2983.789,0.04517,1,0.0,0,0,13,1.0.0
bb_0213_fm_2to1_f750_d100_percussive_am30x0.3_major_rir_medium.wav,train,48000,16,100,-6.847,,-19.688,fm_2to1,750,major,30,0.3,percussive,rir_medium,3337.025,3333.214,0.100646,1,0.3,0,0,13,1.0.0
bb_0214_square_f1000_d100_adsr_fast_am8x0.5_minor_rir_small.wav,train,48000,16,100,-8.977,,-18.738,square,1000,minor,8,0.5,adsr_fast,rir_small,8253.636,7138.187,0.100021,1,0.5,0,0,13,1.0.0
bb_0215_fm_2to1_f1000_d100_adsr_med_am0x0.0_minor_rir_medium.wav,train,48000,16,100,-7.387,,-19.615,fm_2to1,1000,minor,0,0.0,adsr_med,rir_medium,3893.324,3068.379,0.138987,1,0.0,0,0,13,1.0.0
bb_0216_square_f350_d500_adsr_med_am0x0.3_single_rir_small.wav,train,48000,16,500,-8.265,,-13.053,square,350,single,0,0.3,adsr_med,rir_small,6876.017,7297.216,0.014959,0,0.3,0,0,13,1.0.0
bb_0217_square_f750_d250_percussive_am8x0.3_single_rir_small.wav,train,48000,16,250,-10.604,,-16.801,square,750,single,8,0.3,percussive,rir_small,8964.374,7368.984,0.051254,0,0.3,0,0,13,1.0.0
bb_0218_fm_3to2_f750_d250_adsr_fast_am8x0.3_single_dry.wav,train,48000,16,250,-12.329,,-20.0,fm_3to2,750,single,8,0.3,adsr_fast,dry,2187.292,1422.39,0.093758,0,0.3,0,0,13,1.0.0
bb_0219_fm_3to2_f500_d250_adsr_fast_am0x0.3_single_dry.wav,train,48000,16,250,-12.447,,-20.0,fm_3to2,500,single,0,0.3,adsr_fast,dry,1452.104,947.978,0.062505,0,0.3,0,0,13,1.0.0
bb_0220_square_f500_d100_adsr_med_am0x0.3_major_rir_medium.wav,train,48000,16,100,-10.468,,-19.553,square,500,major,0,0.3,adsr_med,rir_medium,7322.643,7172.202,0.04876,1,0.3,0,0,13,1.0.0
bb_0221_square_f350_d100_percussive_am0x0.0_major_rir_small.wav,train,48000,16,100,-9.679,,-18.317,square,350,major,0,0.0,percussive,rir_small,6168.434,6932.334,0.037925,1,0.0,0,0,13,1.0.0
bb_0222_fm_2to1_f500_d500_percussive_am8x0.5_minor_rir_small.wav,train,48000,16,500,-5.04,,-16.023,fm_2to1,500,minor,8,0.5,percussive,rir_small,2058.738,2131.719,0.067836,1,0.5,0,0,13,1.0.0
bb_0223_triangle_f350_d250_adsr_med_am0x0.3_major_rir_medium.wav,train,48000,16,250,-5.557,,-16.207,triangle,350,major,0,0.3,adsr_med,rir_medium,1757.896,3703.415,0.020752,1,0.3,0,0,13,1.0.0
bb_0224_square_f350_d100_adsr_fast_am8x0.3_single_rir_medium.wav,train,48000,16,100,-15.932,,-19.244,square,350,single,8,0.3,adsr_fast,rir_medium,6415.099,7052.471,0.016045,0,0.3,0,0,13,1.0.0
bb_0225_square_f1000_d100_adsr_med_am0x0.3_major_dry.wav,train,48000,16,100,-10.47,,-20.0,square,1000,major,0,0.3,adsr_med,dry,8563.7,7192.889,0.074182,1,0.3,0,0,13,1.0.0
bb_0226_triangle_f750_d100_adsr_fast_am8x0.0_minor_rir_medium.wav,train,48000,16,100,-8.231,,-19.197,triangle,750,minor,8,0.0,adsr_fast,rir_medium,2067.438,3299.365,0.044176,1,0.0,0,0,13,1.0.0
bb_0227_sine_f1000_d500_adsr_fast_am30x0.0_minor_dry.wav,val,48000,16,500,-8.66,,-20.0,sine,1000,minor,30,0.0,adsr_fast,dry,1265.381,746.941,0.05196,1,0.0,0,0,13,1.0.0
bb_0228_fm_2to1_f1000_d500_adsr_fast_am30x0.3_single_rir_medium.wav,train,48000,16,500,-3.289,,-14.677,fm_2to1,1000,single,30,0.3,adsr_fast,rir_medium,3266.71,2789.192,0.106588,0,0.3,0,0,13,1.0.0
bb_0229_triangle_f350_d250_adsr_med_am30x0.0_major_dry.wav,train,48000,16,250,-8.622,,-20.0,triangle,350,major,30,0.0,adsr_med,dry,1023.508,2171.708,0.021502,1,0.0,0,0,13,1.0.0
bb_0230_square_f350_d100_adsr_fast_am30x0.5_major_rir_small.wav,train,48000,16,100,-7.816,,-17.676,square,350,major,30,0.5,adsr_fast,rir_small,5888.287,6830.218,0.040633,1,0.5,0,0,13,1.0.0
bb_0231_triangle_f500_d100_percussive_am0x0.3_single_rir_small.wav,train,48000,16,100,-9.875,,-18.153,triangle,500,single,0,0.3,percussive,rir_small,1786.394,3633.454,0.027506,0,0.3,0,0,13,1.0.0
bb_0232_square_f750_d250_adsr_med_am30x0.3_minor_rir_small.wav,train,48000,16,250,-4.076,,-15.706,square,750,minor,30,0.3,adsr_med,rir_small,8039.125,7249.978,0.099842,1,0.3,0,0,13,1.0.0
bb_0233_fm_3to2_f1000_d500_adsr_med_am0x0.0_single_rir_medium.wav,train,48000,16,500,-5.776,,-16.784,fm_3to2,1000,single,0,0.0,adsr_med,rir_medium,3183.375,2212.038,0.126797,0,0.0,0,0,13,1.0.0
bb_0234_sine_f500_d500_adsr_fast_am8x0.0_single_rir_small.wav,train,48000,16,500,-10.691,,-15.946,sine,500,single,8,0.0,adsr_fast,rir_small,972.565,2440.399,0.022293,0,0.0,0,0,13,1.0.0
bb_0235_triangle_f500_d500_adsr_fast_am30x0.0_major_rir_small.wav,train,48000,16,500,-7.442,,-17.404,triangle,500,major,30,0.0,adsr_fast,rir_small,1835.248,3321.773,0.030751,1,0.0,0,0,13,1.0.0
bb_0236_triangle_f1000_d500_adsr_fast_am30x0.0_major_dry.wav,train,48000,16,500,-8.063,,-20.0,triangle,1000,major,30,0.0,adsr_fast,dry,2437.679,3353.232,0.058377,1,0.0,0,0,13,1.0.0
bb_0237_fm_2to1_f350_d250_adsr_med_am0x0.0_minor_rir_small.wav,train,48000,16,250,-3.675,,-15.588,fm_2to1,350,minor,0,0.0,adsr_med,rir_small,1531.835,1985.443,0.047671,1,0.0,0,0,13,1.0.0
bb_0238_triangle_f1000_d250_percussive_am30x0.5_minor_dry.wav,test,48000,16,250,-4.046,,-20.0,triangle,1000,minor,30,0.5,percussive,dry,2350.326,3242.821,0.057338,1,0.5,0,0,13,1.0.0
bb_0239_fm_2to1_f350_d500_adsr_med_am0x0.3_single_rir_medium.wav,val,48000,16,500,-9.62,,-17.596,fm_2to1,350,single,0,0.3,adsr_med,rir_medium,2025.52,3681.985,0.017876,0,0.3,0,0,13,1.0.0
bb_0240_triangle_f500_d500_percussive_am30x0.0_minor_rir_medium.wav,train,48000,16,500,-6.655,,-19.768,triangle,500,minor,30,0.0,percussive,rir_medium,2083.833,3815.821,0.029751,1,0.0,0,0,13,1.0.0
bb_0241_triangle_f750_d250_adsr_med_am8x0.0_major_rir_medium.wav,train,48000,16,250,-6.38,,-17.872,triangle,750,major,8,0.0,adsr_med,rir_medium,2325.353,3641.396,0.046421,1,0.0,0,0,13,1.0.0
bb_0242_fm_2to1_f500_d250_adsr_fast_am30x0.5_single_rir_small.wav,train,48000,16,250,-7.335,,-16.261,fm_2to1,500,single,30,0.5,adsr_fast,rir_small,2076.227,2899.693,0.030253,0,0.5,0,0,13,1.0.0
bb_0243_fm_3to2_f1000_d250_percussive_am0x0.3_minor_dry.wav,train,48000,16,250,-6.138,,-20.0,fm_3to2,1000,minor,0,0.3,percussive,dry,3572.46,2361.814,0.141928,1,0.3,0,0,13,1.0.0
bb_0244_sine_f350_d250_percussive_am30x0.0_minor_rir_medium.wav,train,48000,16,250,-8.121,,-17.935,sine,350,minor,30,0.0,percussive,rir_medium,1415.943,3451.109,0.019668,1,0.0,0,0,13,1.0.0
bb_0245_fm_2to1_f750_d500_adsr_med_am30x0.0_major_rir_small.wav,train,48000,16,500,-4.579,,-14.771,fm_2to1,750,major,30,0.0,adsr_med,rir_small,2801.685,2686.682,0.08642,1,0.0,0,0,13,1.0.0
bb_0246_fm_2to1_f350_d500_percussive_am30x0.3_single_rir_medium.wav,train,48000,16,500,-8.159,,-17.904,fm_2to1,350,single,30,0.3,percussive,rir_medium,1750.362,3217.88,0.017667,0,0.3,0,0,13,1.0.0
bb_0247_fm_2to1_f750_d250_adsr_fast_am30x0.3_minor_rir_medium.wav,train,48000,16,250,-5.198,,-16.619,fm_2to1,750,minor,30,0.3,adsr_fast,rir_medium,3149.787,2965.759,0.102259,1,0.3,0,0,13,1.0.0
bb_0248_fm_3to2_f1000_d500_adsr_fast_am0x0.0_minor_dry.wav,train,48000,16,500,-8.425,,-20.0,fm_3to2,1000,minor,0,0.0,adsr_fast,dry,3580.241,2373.344,0.141756,1,0.0,0,0,13,1.0.0
bb_0249_triangle_f1000_d100_adsr_med_am0x0.5_major_rir_small.wav,val,48000,16,100,-7.049,,-18.818,triangle,1000,major,0,0.5,adsr_med,rir_small,2570.473,3508.761,0.065222,1,0.5,0,0,13,1.0.0
bb_0250_sine_f1000_d500_percussive_am8x0.0_minor_rir_small.wav,train,48000,16,500,-6.245,,-17.491,sine,1000,minor,8,0.0,percussive,rir_small,1508.185,1883.72,0.052711,1,0.0,0,0,13,1.0.0
bb_0251_sine_f1000_d100_adsr_med_am30x0.0_major_rir_medium.wav,train,48000,16,100,-7.756,,-19.609,sine,1000,major,30,0.0,adsr_med,rir_medium,1729.883,2459.224,0.053344,1,0.0,0,0,13,1.0.0
bb_0252_fm_2to1_f500_d250_percussive_am30x0.3_single_dry.wav,val,48000,16,250,-8.814,,-20.0,fm_2to1,500,single,30,0.3,percussive,dry,1533.093,1255.504,0.04167,0,0.3,0,0,13,1.0.0
bb_0253_sine_f350_d500_adsr_med_am0x0.5_single_rir_medium.wav,train,48000,16,500,-9.584,,-16.704,sine,350,single,0,0.5,adsr_med,rir_medium,1891.301,4219.088,0.015001,0,0.5,0,0,13,1.0.0
bb_0254_square_f1000_d100_adsr_med_am30x0.5_minor_rir_small.wav,train,48000,16,100,-8.667,,-18.883,square,1000,minor,30,0.5,adsr_med,rir_small,7979.268,7066.456,0.094186,1,0.5,0,0,13,1.0.0
bb_0255_square_f750_d100_adsr_med_am0x0.3_major_dry.wav,val,48000,16,100,-10.474,,-20.0,square,750,major,0,0.3,adsr_med,dry,8074.785,7182.209,0.055011,1,0.3,0,0,13,1.0.0
bb_0256_fm_3to2_f750_d250_adsr_fast_am30x0.5_major_rir_small.wav,val,48000,16,250,-3.666,,-16.616,fm_3to2,750,major,30,0.5,adsr_fast,rir_small,2840.537,2364.416,0.103759,1,0.5,0,0,13,1.0.0
bb_0257_fm_2to1_f350_d500_adsr_med_am30x0.0_single_rir_medium.wav,train,48000,16,500,-9.62,,-17.596,fm_2to1,350,single,30,0.0,adsr_med,rir_medium,2025.52,3681.985,0.017876,0,0.0,0,0,13,1.0.0
bb_0258_square_f350_d250_adsr_fast_am0x0.0_minor_rir_small.wav,train,48000,16,250,-6.851,,-15.72,square,350,minor,0,0.0,adsr_fast,rir_small,6622.541,7069.22,0.055005,1,0.0,0,0,13,1.0.0
bb_0259_sine_f1000_d100_adsr_med_am0x0.0_minor_rir_small.wav,train,48000,16,100,-7.788,,-18.972,sine,1000,minor,0,0.0,adsr_med,rir_small,1642.03,2223.763,0.053136,1,0.0,0,0,13,1.0.0
bb_0260_sine_f750_d250_percussive_am30x0.3_minor_rir_small.wav,train,48000,16,250,-5.153,,-16.864,sine,750,minor,30,0.3,percussive,rir_small,1659.7,3057.584,0.038003,1,0.3,0,0,13,1.0.0
bb_0261_fm_2to1_f500_d100_adsr_fast_am8x0.3_minor_dry.wav,train,48000,16,100,-8.827,,-20.0,fm_2to1,500,minor,8,0.3,adsr_fast,dry,1876.781,1501.34,0.065639,1,0.3,0,0,13,1.0.0
bb_0262_sine_f750_d250_percussive_am30x0.5_single_rir_medium.wav,test,48000,16,250,-8.348,,-20.236,sine,750,single,30,0.5,percussive,rir_medium,2259.073,4179.957,0.037586,0,0.5,0,0,13,1.0.0
bb_0263_triangle_f350_d500_adsr_med_am8x0.5_single_rir_small.wav,train,48000,16,500,-5.511,,-13.28,triangle,350,single,8,0.5,adsr_med,rir_small,1071.777,2666.946,0.014792,0,0.5,0,0,13,1.0.0
bb_0264_triangle_f1000_d500_adsr_fast_am0x0.3_major_rir_small.wav,train,48000,16,500,-7.532,,-17.949,triangle,1000,major,0,0.3,adsr_fast,rir_small,2658.126,3610.366,0.060253,1,0.3,0,0,13,1.0.0
bb_0265_fm_3to2_f350_d250_percussive_am30x0.3_minor_dry.wav,test,48000,16,250,-5.216,,-20.0,fm_3to2,350,minor,30,0.3,percussive,dry,1282.263,896.48,0.051504,1,0.3,0,0,13,1.0.0
bb_0266_fm_2to1_f750_d100_adsr_med_am8x0.5_major_rir_small.wav,val,48000,16,100,-8.49,,-18.28,fm_2to1,750,major,8,0.5,adsr_med,rir_small,3252.253,3314.586,0.097937,1,0.5,0,0,13,1.0.0
bb_0267_triangle_f500_d250_percussive_am0x0.5_minor_rir_small.wav,train,48000,16,250,-7.178,,-16.591,triangle,500,minor,0,0.5,percussive,rir_small,1639.161,3141.984,0.028586,1,0.5,0,0,13,1.0.0
bb_0268_square_f350_d250_adsr_fast_am8x0.5_major_rir_small.wav,train,48000,16,250,-4.819,,-15.639,square,350,major,8,0.5,adsr_fast,rir_small,6299.709,6983.751,0.049421,1,0.5,0,0,13,1.0.0
bb_0269_square_f500_d100_adsr_med_am30x0.0_major_rir_small.wav,train,48000,16,100,-8.71,,-18.343,square,500,major,30,0.0,adsr_med,rir_small,6957.691,7051.03,0.071265,1,0.0,0,0,13,1.0.0
bb_0270_fm_3to2_f350_d100_adsr_med_am8x0.3_minor_rir_medium.wav,train,48000,16,100,-8.701,,-19.515,fm_3to2,350,minor,8,0.3,adsr_med,rir_medium,1499.239,1999.763,0.049385,1,0.3,0,0,13,1.0.0
bb_0271_fm_3to2_f1000_d100_percussive_am8x0.0_minor_rir_small.wav,train,48000,16,100,-7.452,,-18.854,fm_3to2,1000,minor,8,0.0,percussive,rir_small,3711.302,2728.179,0.138571,1,0.0,0,0,13,1.0.0
bb_0272_square_f1000_d250_adsr_med_am8x0.5_single_rir_medium.wav,train,48000,16,250,-10.74,,-18.478,square,1000,single,8,0.5,adsr_med,rir_medium,9727.367,7367.065,0.061922,0,0.5,0,0,13,1.0.0
bb_0273_fm_2to1_f500_d250_adsr_fast_am0x0.0_major_dry.wav,train,48000,16,250,-8.854,,-20.0,fm_2to1,500,major,0,0.0,adsr_fast,dry,1914.507,1548.493,0.063339,1,0.0,0,0,13,1.0.0
bb_0274_fm_2to1_f750_d100_percussive_am8x0.3_major_dry.wav,test,48000,16,100,-8.466,,-20.0,fm_2to1,750,major,8,0.3,percussive,dry,2884.966,2338.463,0.094186,1,0.3,0,0,13,1.0.0
bb_0275_fm_2to1_f350_d500_percussive_am8x0.5_single_rir_small.wav,test,48000,16,500,-6.858,,-14.177,fm_2to1,350,single,8,0.5,percussive,rir_small,1352.063,2263.102,0.025043,0,0.5,0,0,13,1.0.0
bb_0276_fm_2to1_f500_d250_percussive_am0x0.0_minor_dry.wav,train,48000,16,250,-5.849,,-20.0,fm_2to1,500,minor,0,0.0,percussive,dry,1877.596,1532.003,0.063422,1,0.0,0,0,13,1.0.0
bb_0277_sine_f750_d500_adsr_med_am30x0.3_single_rir_medium.wav,test,48000,16,500,-10.488,,-21.437,sine,750,single,30,0.3,adsr_med,rir_medium,2301.958,4230.402,0.034793,0,0.3,0,0,13,1.0.0
bb_0278_square_f1000_d500_percussive_am30x0.3_major_dry.wav,train,48000,16,500,-6.666,,-20.0,square,1000,major,30,0.3,percussive,dry,9230.044,7279.497,0.073795,1,0.3,0,0,13,1.0.0
bb_0279_fm_3to2_f350_d250_adsr_med_am30x0.3_single_dry.wav,test,48000,16,250,-11.876,,-20.0,fm_3to2,350,single,30,0.3,adsr_med,dry,1025.991,756.093,0.038253,0,0.3,0,0,13,1.0.0
bb_0280_sine_f1000_d250_adsr_fast_am0x0.5_major_dry.wav,train,48000,16,250,-8.487,,-20.0,sine,1000,major,0,0.5,adsr_fast,dry,1279.03,625.88,0.052921,1,0.5,0,0,13,1.0.0
bb_0281_fm_2to1_f500_d250_adsr_fast_am0x0.0_minor_rir_medium.wav,train,48000,16,250,-8.48,,-18.8,fm_2to1,500,minor,0,0.0,adsr_fast,rir_medium,2280.944,2517.692,0.089257,1,0.0,0,0,13,1.0.0
bb_0282_fm_2to1_f750_d100_percussive_am8x0.0_major_rir_small.wav,train,48000,16,100,-8.179,,-18.397,fm_2to1,750,major,8,0.0,percussive,rir_small,3259.51,3317.673,0.096895,1,0.0,0,0,13,1.0.0
bb_0283_fm_2to1_f350_d100_adsr_fast_am0x0.3_minor_rir_medium.wav,test,48000,16,100,-7.352,,-19.193,fm_2to1,350,minor,0,0.3,adsr_fast,rir_medium,1903.435,2967.595,0.046885,1,0.3,0,0,13,1.0.0
bb_0284_sine_f350_d250_adsr_fast_am8x0.5_minor_rir_medium.wav,train,48000,16,250,-7.323,,-17.609,sine,350,minor,8,0.5,adsr_fast,rir_medium,1347.504,3334.57,0.018918,1,0.5,0,0,13,1.0.0
bb_0285_fm_3to2_f750_d250_adsr_med_am0x0.5_single_rir_medium.wav,train,48000,16,250,-8.581,,-17.364,fm_3to2,750,single,0,0.5,adsr_med,rir_medium,2293.19,2038.62,0.090924,0,0.5,0,0,13,1.0.0
bb_0286_square_f1000_d100_percussive_am0x0.0_major_rir_medium.wav,train,48000,16,100,-9.839,,-19.69,square,1000,major,0,0.0,percussive,rir_medium,8434.517,7182.956,0.092519,1,0.0,0,0,13,1.0.0
bb_0287_square_f1000_d250_adsr_med_am8x0.3_single_rir_small.wav,train,48000,16,250,-9.03,,-19.384,square,1000,single,8,0.3,adsr_med,rir_small,9961.236,7346.2,0.086591,0,0.3,0,0,13,1.0.0
bb_0288_triangle_f500_d500_adsr_fast_am0x0.0_major_rir_medium.wav,train,48000,16,500,-7.442,,-17.7,triangle,500,major,0,0.0,adsr_fast,rir_medium,1636.436,3073.621,0.028501,1,0.0,0,0,13,1.0.0
bb_0289_square_f750_d250_adsr_fast_am8x0.3_single_rir_medium.wav,val,48000,16,250,-12.116,,-20.79,square,750,single,8,0.3,adsr_fast,rir_medium,10167.827,7323.17,0.065589,0,0.3,0,0,13,1.0.0
bb_0290_sine_f500_d500_adsr_med_am0x0.0_major_dry.wav,train,48000,16,500,-9.814,,-20.0,sine,500,major,0,0.0,adsr_med,dry,661.222,722.426,0.026918,1,0.0,0,0,13,1.0.0
bb_0291_square_f500_d500_adsr_fast_am30x0.3_single_rir_medium.wav,val,48000,16,500,-11.242,,-21.504,square,500,single,30,0.3,adsr_fast,rir_medium,9733.437,7472.471,0.032251,0,0.3,0,0,13,1.0.0
bb_0292_square_f1000_d500_adsr_fast_am0x0.3_single_dry.wav,train,48000,16,500,-15.482,,-20.0,square,1000,single,0,0.3,adsr_fast,dry,10318.794,7306.995,0.041668,0,0.3,0,0,13,1.0.0
bb_0293_fm_2to1_f500_d500_percussive_am0x0.0_major_dry.wav,train,48000,16,500,-6.523,,-20.0,fm_2to1,500,major,0,0.0,percussive,dry,1919.445,1584.961,0.063294,1,0.0,0,0,13,1.0.0
bb_0294_square_f750_d100_percussive_am8x0.0_minor_dry.wav,train,48000,16,100,-9.824,,-20.0,square,750,minor,8,0.0,percussive,dry,8085.763,7221.035,0.055011,1,0.0,0,0,13,1.0.0
bb_0295_triangle_f350_d500_adsr_fast_am0x0.0_minor_rir_small.wav,train,48000,16,500,-5.264,,-14.769,triangle,350,minor,0,0.0,adsr_fast,rir_small,1099.371,2478.367,0.018376,1,0.0,0,0,13,1.0.0
bb_0296_sine_f750_d250_percussive_am0x0.5_minor_rir_small.wav,test,48000,16,250,-7.001,,-16.807,sine,750,minor,0,0.5,percussive,rir_small,1796.587,3305.213,0.037753,1,0.5,0,0,13,1.0.0
bb_0297_sine_f350_d100_adsr_med_am30x0.0_major_rir_medium.wav,train,48000,16,100,-7.788,,-19.303,sine,350,major,30,0.0,adsr_med,rir_medium,1550.948,3651.569,0.019379,1,0.0,0,0,13,1.0.0
bb_0298_square_f500_d100_adsr_med_am30x0.5_minor_rir_small.wav,train,48000,16,100,-8.103,,-18.199,square,500,minor,30,0.5,adsr_med,rir_small,6598.189,6967.366,0.051052,1,0.5,0,0,13,1.0.0
bb_0299_square_f350_d100_percussive_am30x0.0_single_dry.wav,train,48000,16,100,-14.599,,-20.0,square,350,single,30,0.0,percussive,dry,6607.224,7107.6,0.014586,0,0.0,0,0,13,1.0.0
bb_0300_sine_f750_d100_percussive_am0x0.3_minor_rir_medium.wav,val,48000,16,100,-8.28,,-19.554,sine,750,minor,0,0.3,percussive,rir_medium,1246.254,2039.92,0.039383,1,0.3,0,0,13,1.0.0
bb_0301_square_f1000_d100_adsr_med_am8x0.0_single_rir_small.wav,train,48000,16,100,-14.405,,-19.874,square,1000,single,8,0.0,adsr_med,rir_small,9069.463,7347.088,0.070431,0,0.0,0,0,13,1.0.0
bb_0302_fm_2to1_f350_d250_percussive_am8x0.5_major_rir_medium.wav,val,48000,16,250,-5.65,,-17.592,fm_2to1,350,major,8,0.5,percussive,rir_medium,1809.329,2778.516,0.053004,1,0.5,0,0,13,1.0.0
bb_0303_fm_3to2_f500_d250_percussive_am30x0.5_minor_rir_medium.wav,val,48000,16,250,-3.757,,-18.266,fm_3to2,500,minor,30,0.5,percussive,rir_medium,1946.427,1932.411,0.073756,1,0.5,0,0,13,1.0.0
bb_0304_fm_2to1_f750_d100_adsr_med_am8x0.5_single_rir_medium.wav,train,48000,16,100,-13.017,,-19.8,fm_2to1,750,single,8,0.5,adsr_med,rir_medium,2916.858,3326.508,0.057304,0,0.5,0,0,13,1.0.0
bb_0305_fm_3to2_f350_d250_adsr_med_am0x0.3_minor_rir_medium.wav,train,48000,16,250,-6.595,,-17.032,fm_3to2,350,minor,0,0.3,adsr_med,rir_medium,1579.253,2222.897,0.052254,1,0.3,0,0,13,1.0.0
bb_0306_triangle_f1000_d250_percussive_am30x0.0_major_dry.wav,train,48000,16,250,-5.102,,-20.0,triangle,1000,major,30,0.0,percussive,dry,2411.446,3316.294,0.058505,1,0.0,0,0,13,1.0.0
bb_0307_triangle_f350_d100_adsr_med_am0x0.3_major_dry.wav,train,48000,16,100,-6.992,,-20.0,triangle,350,major,0,0.3,adsr_med,dry,1007.763,2123.021,0.022921,1,0.3,0,0,13,1.0.0
bb_0308_fm_3to2_f750_d100_adsr_med_am8x0.0_minor_rir_small.wav,train,48000,16,100,-7.726,,-18.534,fm_3to2,750,minor,8,0.0,adsr_med,rir_small,2926.756,2480.097,0.11044,1,0.0,0,0,13,1.0.0
bb_0309_triangle_f1000_d100_percussive_am8x0.3_single_dry.wav,val,48000,16,100,-11.067,,-20.0,triangle,1000,single,8,0.3,percussive,dry,2033.45,3085.634,0.083351,0,0.3,0,0,13,1.0.0
bb_0310_fm_2to1_f1000_d100_percussive_am8x0.3_single_rir_medium.wav,train,48000,16,100,-12.518,,-19.831,fm_2to1,1000,single,8,0.3,percussive,rir_medium,3238.787,2878.51,0.081475,0,0.3,0,0,13,1.0.0
bb_0311_triangle_f500_d250_adsr_fast_am8x0.5_minor_rir_small.wav,train,48000,16,250,-3.634,,-16.276,triangle,500,minor,8,0.5,adsr_fast,rir_small,1584.822,3035.017,0.028086,1,0.5,0,0,13,1.0.0
bb_0312_sine_f500_d100_adsr_med_am0x0.0_minor_dry.wav,train,48000,16,100,-7.783,,-20.0,sine,500,minor,0,0.0,adsr_med,dry,631.759,518.412,0.027297,1,0.0,0,0,13,1.0.0
bb_0313_sine_f1000_d250_adsr_fast_am0x0.5_minor_rir_small.wav,train,48000,16,250,-8.58,,-17.535,sine,1000,minor,0,0.5,adsr_fast,rir_small,1578.595,2016.665,0.053171,1,0.5,0,0,13,1.0.0
bb_0314_fm_2to1_f350_d100_percussive_am8x0.5_single_rir_medium.wav,val,48000,16,100,-12.627,,-19.694,fm_2to1,350,single,8,0.5,percussive,rir_medium,1851.007,3248.362,0.018962,0,0.5,0,0,13,1.0.0
bb_0315_fm_3to2_f1000_d100_percussive_am8x0.0_single_rir_small.wav,train,48000,16,100,-11.619,,-18.8,fm_3to2,1000,single,8,0.0,percussive,rir_small,3339.853,3120.086,0.110231,0,0.0,0,0,13,1.0.0
bb_0316_fm_2to1_f350_d100_adsr_med_am30x0.3_single_rir_medium.wav,train,48000,16,100,-10.912,,-19.42,fm_2to1,350,single,30,0.3,adsr_med,rir_medium,1864.819,3280.022,0.019171,0,0.3,0,0,13,1.0.0
bb_0317_fm_2to1_f500_d100_adsr_med_am8x0.5_minor_rir_medium.wav,train,48000,16,100,-8.829,,-19.742,fm_2to1,500,minor,8,0.5,adsr_med,rir_medium,2226.609,2604.56,0.070223,1,0.5,0,0,13,1.0.0
bb_0318_fm_3to2_f1000_d500_adsr_fast_am0x0.5_single_dry.wav,train,48000,16,500,-12.494,,-20.0,fm_3to2,1000,single,0,0.5,adsr_fast,dry,2902.279,1819.114,0.125005,0,0.5,0,0,13,1.0.0
bb_0319_sine_f500_d500_adsr_med_am0x0.3_major_rir_medium.wav,test,48000,16,500,-8.101,,-17.686,sine,500,major,0,0.3,adsr_med,rir_medium,1074.973,2374.491,0.026459,1,0.3,0,0,13,1.0.0
bb_0320_triangle_f750_d500_adsr_med_am30x0.0_major_dry.wav,train,48000,16,500,-8.79,,-20.0,triangle,750,major,30,0.0,adsr_med,dry,1925.655,2999.72,0.044419,1,0.0,0,0,13,1.0.0
bb_0321_square_f1000_d250_adsr_fast_am8x0.3_major_rir_small.wav,val,48000,16,250,-8.35,,-18.002,square,1000,major,8,0.3,adsr_fast,rir_small,9020.267,7136.277,0.130928,1,0.3,0,0,13,1.0.0
bb_0322_sine_f750_d250_adsr_fast_am8x0.5_minor_rir_small.wav,train,48000,16,250,-4.984,,-16.464,sine,750,minor,8,0.5,adsr_fast,rir_small,1681.196,3096.903,0.03792,1,0.5,0,0,13,1.0.0
bb_0323_fm_2to1_f500_d100_percussive_am0x0.5_minor_rir_small.wav,test,48000,16,100,-7.133,,-18.38,fm_2to1,500,minor,0,0.5,percussive,rir_small,2185.61,2427.17,0.069181,1,0.5,0,0,13,1.0.0
bb_0324_fm_3to2_f350_d500_adsr_med_am0x0.5_major_rir_medium.wav,train,48000,16,500,-5.273,,-15.878,fm_3to2,350,major,0,0.5,adsr_med,rir_medium,1362.025,1317.081,0.054252,1,0.5,0,0,13,1.0.0
bb_0325_sine_f350_d500_adsr_med_am30x0.3_major_rir_medium.wav,train,48000,16,500,-5.206,,-15.951,sine,350,major,30,0.3,adsr_med,rir_medium,1276.629,3201.306,0.019292,1,0.3,0,0,13,1.0.0
bb_0326_triangle_f1000_d500_percussive_am30x0.0_major_dry.wav,train,48000,16,500,-4.569,,-20.0,triangle,1000,major,30,0.0,percussive,dry,2435.447,3351.255,0.058377,1,0.0,0,0,13,1.0.0
bb_0327_triangle_f350_d250_adsr_fast_am0x0.5_minor_dry.wav,train,48000,16,250,-9.637,,-20.0,triangle,350,minor,0,0.5,adsr_fast,dry,1007.809,2146.279,0.020502,1,0.5,0,0,13,1.0.0
bb_0328_sine_f350_d500_adsr_med_am0x0.5_major_rir_medium.wav,val,48000,16,500,-6.515,,-15.994,sine,350,major,0,0.5,adsr_med,rir_medium,1391.34,3401.856,0.019417,1,0.5,0,0,13,1.0.0
bb_0329_fm_3to2_f350_d250_adsr_med_am8x0.0_major_dry.wav,test,48000,16,250,-8.899,,-20.0,fm_3to2,350,major,8,0.0,adsr_med,dry,1286.446,912.413,0.051171,1,0.0,0,0,13,1.0.0
bb_0330_fm_2to1_f350_d250_percussive_am8x0.0_single_rir_small.wav,train,48000,16,250,-8.38,,-15.32,fm_2to1,350,single,8,0.0,percussive,rir_small,1523.973,2601.694,0.023502,0,0.0,0,0,13,1.0.0
bb_0331_sine_f500_d250_adsr_fast_am30x0.3_minor_rir_medium.wav,train,48000,16,250,-7.902,,-19.257,sine,500,minor,30,0.3,adsr_fast,rir_medium,1496.385,3291.021,0.027002,1,0.3,0,0,13,1.0.0
bb_0332_square_f1000_d500_percussive_am8x0.3_minor_rir_small.wav,train,48000,16,500,-6.856,,-17.673,square,1000,minor,8,0.3,percussive,rir_small,9199.917,7280.736,0.121672,1,0.3,0,0,13,1.0.0
bb_0333_fm_3to2_f500_d500_adsr_fast_am30x0.3_major_dry.wav,train,48000,16,500,-5.998,,-20.0,fm_3to2,500,major,30,0.3,adsr_fast,dry,1841.064,1246.849,0.071795,1,0.3,0,0,13,1.0.0
bb_0334_square_f1000_d500_percussive_am8x0.5_single_rir_small.wav,train,48000,16,500,-7.496,,-19.422,square,1000,single,8,0.5,percussive,rir_small,10124.952,7381.61,0.069503,0,0.5,0,0,13,1.0.0
bb_0335_sine_f350_d500_percussive_am8x0.0_major_rir_small.wav,train,48000,16,500,-6.35,,-14.815,sine,350,major,8,0.0,percussive,rir_small,872.949,2383.089,0.017792,1,0.0,0,0,13,1.0.0
bb_0336_fm_3to2_f750_d500_adsr_fast_am0x0.0_minor_rir_small.wav,train,48000,16,500,-6.368,,-16.76,fm_3to2,750,minor,0,0.0,adsr_fast,rir_small,2814.66,2152.154,0.109838,1,0.0,0,0,13,1.0.0
bb_0337_sine_f500_d500_percussive_am0x0.5_single_rir_medium.wav,train,48000,16,500,-9.727,,-21.555,sine,500,single,0,0.5,percussive,rir_medium,664.345,1296.545,0.023084,0,0.5,0,0,13,1.0.0
bb_0338_sine_f1000_d100_percussive_am0x0.5_single_dry.wav,train,48000,16,100,-11.613,,-20.0,sine,1000,single,0,0.5,percussive,dry,1033.218,677.647,0.083351,0,0.5,0,0,13,1.0.0
bb_0339_fm_3to2_f500_d100_adsr_med_am8x0.0_single_rir_small.wav,test,48000,16,100,-10.298,,-18.824,fm_3to2,500,single,8,0.0,adsr_med,rir_small,2119.449,3115.252,0.057095,0,0.0,0,0,13,1.0.0
bb_0340_square_f350_d250_adsr_med_am0x0.5_major_rir_medium.wav,train,48000,16,250,-5.703,,-16.285,square,350,major,0,0.5,adsr_med,rir_medium,6476.589,7054.945,0.051254,1,0.5,0,0,13,1.0.0
bb_0341_fm_2to1_f500_d250_adsr_med_am8x0.3_minor_rir_medium.wav,train,48000,16,250,-7.614,,-18.766,fm_2to1,500,minor,8,0.3,adsr_med,rir_medium,2374.564,2722.877,0.088674,1,0.3,0,0,13,1.0.0
bb_0342_triangle_f350_d250_adsr_fast_am30x0.0_major_rir_small.wav,train,48000,16,250,-5.354,,-15.06,triangle,350,major,30,0.0,adsr_fast,rir_small,1211.636,2713.505,0.020418,1,0.0,0,0,13,1.0.0
bb_0343_fm_2to1_f750_d100_percussive_am0x0.3_single_rir_small.wav,train,48000,16,100,-11.293,,-18.114,fm_2to1,750,single,0,0.3,percussive,rir_small,2939.638,3356.703,0.049802,0,0.3,0,0,13,1.0.0
bb_0344_sine_f1000_d100_adsr_med_am30x0.5_major_rir_medium.wav,train,48000,16,100,-6.236,,-19.621,sine,1000,major,30,0.5,adsr_med,rir_medium,1509.503,1822.876,0.052928,1,0.5,0,0,13,1.0.0
bb_0345_triangle_f350_d250_percussive_am8x0.0_single_dry.wav,train,48000,16,250,-8.636,,-20.0,triangle,350,single,8,0.0,percussive,dry,858.403,1999.887,0.016668,0,0.0,0,0,13,1.0.0
bb_0346_sine_f350_d250_adsr_fast_am30x0.0_major_dry.wav,train,48000,16,250,-8.641,,-20.0,sine,350,major,30,0.0,adsr_fast,dry,461.172,605.142,0.018918,1,0.0,0,0,13,1.0.0
bb_0347_square_f750_d500_adsr_fast_am30x0.3_minor_dry.wav,train,48000,16,500,-8.984,,-20.0,square,750,minor,30,0.3,adsr_fast,dry,8981.157,7349.453,0.055336,1,0.3,0,0,13,1.0.0
bb_0348_fm_2to1_f750_d100_adsr_med_am0x0.3_major_rir_small.wav,train,48000,16,100,-7.483,,-18.134,fm_2to1,750,major,0,0.3,adsr_med,rir_small,3208.559,3257.005,0.095437,1,0.3,0,0,13,1.0.0
bb_0349_fm_2to1_f1000_d500_percussive_am8x0.0_minor_dry.wav,test,48000,16,500,-5.169,,-20.0,fm_2to1,1000,minor,8,0.0,percussive,dry,3741.12,2965.528,0.12338,1,0.0,0,0,13,1.0.0
bb_0350_fm_3to2_f500_d250_percussive_am0x0.5_major_rir_small.wav,train,48000,16,250,-5.941,,-16.989,fm_3to2,500,major,0,0.5,percussive,rir_small,2148.779,2338.531,0.075423,1,0.5,0,0,13,1.0.0
bb_0351_triangle_f1000_d100_adsr_med_am30x0.5_major_rir_medium.wav,train,48000,16,100,-5.625,,-19.62,triangle,1000,major,30,0.5,adsr_med,rir_medium,2448.933,3361.688,0.05772,1,0.5,0,0,13,1.0.0
bb_0352_square_f500_d100_percussive_am8x0.5_single_rir_small.wav,train,48000,16,100,-12.139,,-18.261,square,500,single,8,0.5,percussive,rir_small,7322.981,7249.246,0.026672,0,0.5,0,0,13,1.0.0
bb_0353_fm_3to2_f750_d100_adsr_fast_am0x0.5_minor_dry.wav,train,48000,16,100,-7.644,,-20.0,fm_3to2,750,minor,0,0.5,adsr_fast,dry,2685.155,1789.481,0.110648,1,0.5,0,0,13,1.0.0
bb_0354_sine_f350_d100_percussive_am0x0.0_minor_rir_small.wav,train,48000,16,100,-9.382,,-18.635,sine,350,minor,0,0.0,percussive,rir_small,1161.343,3016.313,0.01792,1,0.0,0,0,13,1.0.0
bb_0355_square_f1000_d250_adsr_med_am0x0.3_single_rir_small.wav,test,48000,16,250,-9.747,,-19.483,square,1000,single,0,0.3,adsr_med,rir_small,10194.373,7334.572,0.086007,0,0.3,0,0,13,1.0.0
bb_0356_fm_2to1_f500_d500_adsr_fast_am30x0.5_single_rir_small.wav,train,48000,16,500,-7.314,,-15.997,fm_2to1,500,single,30,0.5,adsr_fast,rir_small,1926.419,2548.692,0.024626,0,0.5,0,0,13,1.0.0
bb_0357_fm_2to1_f750_d100_percussive_am30x0.3_minor_dry.wav,test,48000,16,100,-6.383,,-20.0,fm_2to1,750,minor,30,0.3,percussive,dry,2801.903,2215.641,0.09502,1,0.3,0,0,13,1.0.0
bb_0358_fm_3to2_f750_d500_adsr_fast_am30x0.3_major_dry.wav,train,48000,16,500,-6.576,,-20.0,fm_3to2,750,major,30,0.3,adsr_fast,dry,2731.928,1823.604,0.10838,1,0.3,0,0,13,1.0.0
bb_0359_fm_2to1_f500_d250_adsr_med_am8x0.0_major_rir_small.wav,train,48000,16,250,-4.125,,-16.466,fm_2to1,500,major,8,0.0,adsr_med,rir_small,2524.569,2859.469,0.098592,1,0.0,0,0,13,1.0.0
bb_0360_sine_f500_d250_adsr_fast_am0x0.3_single_rir_small.wav,train,48000,16,250,-10.608,,-16.186,sine,500,single,0,0.3,adsr_fast,rir_small,1176.282,2898.063,0.023585,0,0.3,0,0,13,1.0.0
bb_0361_sine_f350_d100_percussive_am30x0.0_major_dry.wav,val,48000,16,100,-8.124,,-20.0,sine,350,major,30,0.0,percussive,dry,522.7,1048.942,0.020004,1,0.0,0,0,13,1.0.0
bb_0362_triangle_f500_d500_adsr_fast_am8x0.3_major_rir_medium.wav,train,48000,16,500,-6.82,,-17.683,triangle,500,major,8,0.3,adsr_fast,rir_medium,1549.112,2924.486,0.027918,1,0.3,0,0,13,1.0.0
bb_0363_fm_3to2_f350_d250_adsr_med_am8x0.0_minor_rir_medium.wav,train,48000,16,250,-6.595,,-17.032,fm_3to2,350,minor,8,0.0,adsr_med,rir_medium,1579.253,2222.897,0.052254,1,0.0,0,0,13,1.0.0
bb_0364_fm_2to1_f1000_d100_percussive_am0x0.5_major_rir_small.wav,train,48000,16,100,-7.938,,-18.856,fm_2to1,1000,major,0,0.5,percussive,rir_small,4182.51,3519.599,0.155241,1,0.5,0,0,13,1.0.0
bb_0365_sine_f750_d100_adsr_fast_am8x0.3_major_dry.wav,train,48000,16,100,-8.497,,-20.0,sine,750,major,8,0.3,adsr_fast,dry,954.269,487.444,0.040842,1,0.3,0,0,13,1.0.0
bb_0366_square_f1000_d500_adsr_med_am30x0.5_single_dry.wav,train,48000,16,500,-14.206,,-20.0,square,1000,single,30,0.5,adsr_med,dry,9895.77,7338.515,0.04171,0,0.5,0,0,13,1.0.0
bb_0367_fm_2to1_f750_d250_adsr_fast_am8x0.5_major_rir_medium.wav,train,48000,16,250,-5.113,,-17.883,fm_2to1,750,major,8,0.5,adsr_fast,rir_medium,3457.269,3205.681,0.12026,1,0.5,0,0,13,1.0.0
bb_0368_fm_2to1_f350_d100_adsr_med_am0x0.5_minor_rir_medium.wav,val,48000,16,100,-7.404,,-19.446,fm_2to1,350,minor,0,0.5,adsr_med,rir_medium,1921.52,3010.394,0.047927,1,0.5,0,0,13,1.0.0
bb_0369_fm_2to1_f500_d500_adsr_med_am30x0.0_major_rir_medium.wav,train,48000,16,500,-7.171,,-17.28,fm_2to1,500,major,30,0.0,adsr_med,rir_medium,2286.733,2394.402,0.07917,1,0.0,0,0,13,1.0.0
bb_0370_square_f1000_d500_percussive_am0x0.5_major_rir_small.wav,train,48000,16,500,-7.734,,-17.899,square,1000,major,0,0.5,percussive,rir_small,9583.829,7193.802,0.132297,1,0.5,0,0,13,1.0.0
bb_0371_fm_3to2_f1000_d100_adsr_med_am8x0.0_single_rir_small.wav,train,48000,16,100,-12.056,,-18.581,fm_3to2,1000,single,8,0.0,adsr_med,rir_small,3315.229,3092.067,0.110023,0,0.0,0,0,13,1.0.0
bb_0372_triangle_f500_d500_percussive_am8x0.5_major_rir_small.wav,train,48000,16,500,-4.477,,-17.592,triangle,500,major,8,0.5,percussive,rir_small,1820.513,3317.532,0.030418,1,0.5,0,0,13,1.0.0
bb_0373_square_f1000_d250_adsr_med_am0x0.0_major_rir_small.wav,train,48000,16,250,-6.874,,-17.638,square,1000,major,0,0.0,adsr_med,rir_small,9138.221,7142.86,0.123927,1,0.0,0,0,13,1.0.0
bb_0374_fm_3to2_f750_d250_adsr_med_am8x0.3_major_rir_small.wav,train,48000,16,250,-3.832,,-16.675,fm_3to2,750,major,8,0.3,adsr_med,rir_small,2932.926,2642.46,0.102009,1,0.3,0,0,13,1.0.0
bb_0375_square_f1000_d250_adsr_med_am0x0.5_minor_rir_small.wav,train,48000,16,250,-6.114,,-17.243,square,1000,minor,0,0.5,adsr_med,rir_small,8994.37,7241.542,0.115426,1,0.5,0,0,13,1.0.0
bb_0376_triangle_f750_d500_adsr_fast_am30x0.0_major_rir_small.wav,test,48000,16,500,-5.816,,-14.576,triangle,750,major,30,0.0,adsr_fast,rir_small,2087.099,3374.199,0.041502,1,0.0,0,0,13,1.0.0
bb_0377_fm_2to1_f750_d500_adsr_med_am8x0.3_single_rir_small.wav,train,48000,16,500,-7.006,,-14.742,fm_2to1,750,single,8,0.3,adsr_med,rir_small,2765.947,2751.041,0.101671,0,0.3,0,0,13,1.0.0
bb_0378_fm_3to2_f500_d500_adsr_med_am30x0.5_minor_dry.wav,val,48000,16,500,-6.533,,-20.0,fm_3to2,500,minor,30,0.5,adsr_med,dry,1790.222,1222.538,0.071628,1,0.5,0,0,13,1.0.0
bb_0379_fm_3to2_f350_d500_adsr_fast_am30x0.0_single_rir_medium.wav,train,48000,16,500,-6.903,,-16.101,fm_3to2,350,single,30,0.0,adsr_fast,rir_medium,1182.171,1407.077,0.049127,0,0.0,0,0,13,1.0.0
bb_0380_fm_3to2_f750_d250_adsr_med_am0x0.5_major_rir_medium.wav,train,48000,16,250,-4.846,,-16.862,fm_3to2,750,major,0,0.5,adsr_med,rir_medium,3097.662,2613.481,0.11651,1,0.5,0,0,13,1.0.0
bb_0381_fm_3to2_f350_d250_adsr_med_am30x0.3_major_rir_small.wav,val,48000,16,250,-2.35,,-15.138,fm_3to2,350,major,30,0.3,adsr_med,rir_small,1389.095,1578.854,0.049087,1,0.3,0,0,13,1.0.0
bb_0382_triangle_f1000_d100_adsr_med_am30x0.0_minor_dry.wav,test,48000,16,100,-7.036,,-20.0,triangle,1000,minor,30,0.0,adsr_med,dry,2361.998,3259.37,0.057512,1,0.0,0,0,13,1.0.0
bb_0383_square_f350_d500_adsr_fast_am0x0.3_minor_dry.wav,test,48000,16,500,-10.762,,-20.0,square,350,minor,0,0.3,adsr_fast,dry,7575.138,7323.425,0.025918,1,0.3,0,0,13,1.0.0
bb_0384_triangle_f1000_d100_adsr_med_am8x0.5_minor_rir_small.wav,train,48000,16,100,-7.596,,-18.93,triangle,1000,minor,8,0.5,adsr_med,rir_small,2480.413,3406.026,0.05772,1,0.5,0,0,13,1.0.0
bb_0385_sine_f1000_d100_adsr_fast_am8x0.3_single_dry.wav,train,48000,16,100,-12.922,,-20.0,sine,1000,single,8,0.3,adsr_fast,dry,1022.551,578.626,0.083351,0,0.3,0,0,13,1.0.0
bb_0386_sine_f500_d100_adsr_fast_am8x0.5_single_rir_medium.wav,train,48000,16,100,-13.085,,-19.711,sine,500,single,8,0.5,adsr_fast,rir_medium,598.916,985.74,0.031048,0,0.5,0,0,13,1.0.0
bb_0387_fm_2to1_f500_d250_adsr_fast_am8x0.5_major_dry.wav,train,48000,16,250,-7.942,,-20.0,fm_2to1,500,major,8,0.5,adsr_fast,dry,1909.099,1538.829,0.063589,1,0.5,0,0,13,1.0.0
bb_0388_fm_3to2_f750_d250_percussive_am8x0.5_single_rir_medium.wav,train,48000,16,250,-9.951,,-18.458,fm_3to2,750,single,8,0.5,percussive,rir_medium,2262.684,1964.026,0.086424,0,0.5,0,0,13,1.0.0
bb_0389_square_f350_d100_adsr_med_am8x0.0_single_rir_small.wav,train,48000,16,100,-12.586,,-18.086,square,350,single,8,0.0,adsr_med,rir_small,6266.884,7007.46,0.026255,0,0.0,0,0,13,1.0.0
bb_0390_square_f500_d500_percussive_am0x0.5_major_dry.wav,train,48000,16,500,-7.874,,-20.0,square,500,major,0,0.5,percussive,dry,8483.526,7385.383,0.038085,1,0.5,0,0,13,1.0.0
bb_0391_fm_2to1_f750_d250_adsr_med_am8x0.3_minor_rir_medium.wav,train,48000,16,250,-5.57,,-17.022,fm_2to1,750,minor,8,0.3,adsr_med,rir_medium,3295.856,3216.811,0.102259,1,0.3,0,0,13,1.0.0
bb_0392_fm_2to1_f1000_d100_adsr_fast_am8x0.3_major_dry.wav,train,48000,16,100,-8.482,,-20.0,fm_2to1,1000,major,8,0.3,adsr_fast,dry,3802.618,2985.506,0.124401,1,0.3,0,0,13,1.0.0
bb_0393_square_f500_d500_adsr_fast_am8x0.3_major_rir_medium.wav,train,48000,16,500,-7.255,,-17.55,square,500,major,8,0.3,adsr_fast,rir_medium,8214.226,7360.923,0.070045,1,0.3,0,0,13,1.0.0
bb_0394_sine_f750_d100_adsr_med_am8x0.3_minor_rir_medium.wav,train,48000,16,100,-9.106,,-19.583,sine,750,minor,8,0.3,adsr_med,rir_medium,1242.449,2033.256,0.038966,1,0.3,0,0,13,1.0.0
bb_0395_fm_2to1_f350_d250_adsr_med_am0x0.5_major_dry.wav,train,48000,16,250,-9.254,,-20.0,fm_2to1,350,major,0,0.5,adsr_med,dry,1344.747,1123.62,0.044754,1,0.5,0,0,13,1.0.0
bb_0396_fm_3to2_f350_d500_adsr_med_am8x0.0_minor_rir_medium.wav,test,48000,16,500,-4.856,,-16.219,fm_3to2,350,minor,8,0.0,adsr_med,rir_medium,1523.919,1996.436,0.053002,1,0.0,0,0,13,1.0.0
bb_0397_triangle_f1000_d250_percussive_am30x0.3_minor_rir_small.wav,train,48000,16,250,-4.8,,-17.957,triangle,1000,minor,30,0.3,percussive,rir_small,2488.559,3449.887,0.057255,1,0.3,0,0,13,1.0.0
bb_0398_square_f750_d500_percussive_am0x0.0_minor_dry.wav,train,48000,16,500,-7.996,,-20.0,square,750,minor,0,0.0,percussive,dry,9300.734,7350.221,0.055336,1,0.0,0,0,13,1.0.0
bb_0399_fm_3to2_f500_d500_adsr_med_am8x0.0_single_rir_medium.wav,train,48000,16,500,-6.329,,-17.109,fm_3to2,500,single,8,0.0,adsr_med,rir_medium,1897.161,2610.829,0.058044,0,0.0,0,0,13,1.0.0
